File,SentenceNumber,Sentence,Translation,EntityType,Role,Sarcasm,NonOffensive
B_1,0,"‎24 / 04 / 18 , 13 : 53 - Bullo1 : Secchio . . . . Dovevi fare la spia . . . . . Sfigato","‎24 / 04 / 18 , 13 : 53 - Bullo1 : Nerd. . . . You had to be a snitch. . . . . Loser",Insult-General_Insult,Harasser,False,False
B_1,1,"‎24 / 04 / 18 , 13 : 54 - Vittima : guarda che l'ho fatto per voi","‎24 / 04 / 18 , 13 : 54 - Vittima : I did it for you, you know",Defense,Victim,False,False
B_1,3,"‎24 / 04 / 18 , 13 : 55 - Bullo1 : Brutto sfigato . . . . . Non me ne frega . . . . Fatti i c***i tuoi","‎24 / 04 / 18 , 13 : 55 - Bullo1 : Ugly loser . . . . . I don't care . . . . Mind your own business",Curse_or_Exclusion,Harasser,False,False
B_1,3,"‎24 / 04 / 18 , 13 : 55 - Bullo1 : Brutto sfigato . . . . . Non me ne frega . . . . Fatti i c***i tuoi","‎24 / 04 / 18 , 13 : 55 - Bullo1 : Ugly loser . . . . . I don't care . . . . Mind your own business",Curse_or_Exclusion,Harasser,False,False
B_1,3,"‎24 / 04 / 18 , 13 : 55 - Bullo1 : Brutto sfigato . . . . . Non me ne frega . . . . Fatti i c***i tuoi","‎24 / 04 / 18 , 13 : 55 - Bullo1 : Ugly loser . . . . . I don't care . . . . Mind your own business",Insult-General_Insult,Harasser,False,False
B_1,3,"‎24 / 04 / 18 , 13 : 55 - Bullo1 : Brutto sfigato . . . . . Non me ne frega . . . . Fatti i c***i tuoi","‎24 / 04 / 18 , 13 : 55 - Bullo1 : Ugly loser . . . . . I don't care . . . . Mind your own business",Insult-General_Insult,Harasser,False,False
B_1,4,"‎24 / 04 / 18 , 13 : 56 - SupportoVittima1 : Già , poi a scuola non si portano sigarette","‎24 / 04 / 18 , 13 : 56 - SupportoVittima1 : Yeah, and you don't bring cigarettes to school.",Defense,Bystander_defender,False,False
B_1,6,"‎24 / 04 / 18 , 13 : 58 - Bullo1 : Appena ti becco fuori da scuola ! te la ficco in bocca la sigaretta","‎24 / 04 / 18 , 13 : 58 - Bullo1 : As soon as I catch you out of school! I'll put a cigarette in your mouth.",Threat_or_Blackmail,Harasser,False,False
B_1,7,"‎24 / 04 / 18 , 13 : 59 - Vittima : ma se non sai neanche accenderla","‎24 / 04 / 18 , 13 : 59 - Vittima : but if you can't even light it up",Defamation,Victim,False,False
B_1,8,"‎24 / 04 / 18 , 13 : 59 - Vittima : siete invidiosi perché vado bene a scuola , tutto qua","‎24 / 04 / 18 , 13 : 59 - Vittima : You are jealous because I do well in school, that's all.",Defense,Victim,False,False
B_1,9,"‎24 / 04 / 18 , 14 : 00 - Bullo1 : Sei solo un secchio , non hai amici , e fai schifo ooooo ! ! ! &#128545; &#128545; &#128545; &#128545;","‎24 / 04 / 18 , 14 : 00 - Bullo1 : You are just a nerd  , you have no friends , and you suck ! ! ! &#128545; &#128545; &#128545; &#128545;",Insult-General_Insult,Harasser,False,False
B_1,9,"‎24 / 04 / 18 , 14 : 00 - Bullo1 : Sei solo un secchio , non hai amici , e fai schifo ooooo ! ! ! &#128545; &#128545; &#128545; &#128545;","‎24 / 04 / 18 , 14 : 00 - Bullo1 : You are just a nerd  , you have no friends , and you suck ! ! ! &#128545; &#128545; &#128545; &#128545;",Insult-General_Insult,Harasser,False,False
B_1,9,"‎24 / 04 / 18 , 14 : 00 - Bullo1 : Sei solo un secchio , non hai amici , e fai schifo ooooo ! ! ! &#128545; &#128545; &#128545; &#128545;","‎24 / 04 / 18 , 14 : 00 - Bullo1 : You are just a nerd  , you have no friends , and you suck ! ! ! &#128545; &#128545; &#128545; &#128545;",Curse_or_Exclusion,Harasser,False,False
B_1,9,"‎24 / 04 / 18 , 14 : 00 - Bullo1 : Sei solo un secchio , non hai amici , e fai schifo ooooo ! ! ! &#128545; &#128545; &#128545; &#128545;","‎24 / 04 / 18 , 14 : 00 - Bullo1 : You are just a nerd  , you have no friends , and you suck ! ! ! &#128545; &#128545; &#128545; &#128545;",Curse_or_Exclusion,Harasser,False,False
B_1,10,"‎24 / 04 / 18 , 14 : 00 - SupportoBullo1 : La smettete di prendere in giro Vittima","‎24 / 04 / 18 , 14 : 00 - SupportoBullo1 : Will you stop making fun of Vittima",Defense,Bystander_defender,False,False
B_1,11,"‎24 / 04 / 18 , 14 : 02 - Bullo1 : Cosa vuoi tu non lo conosci nemmeno , siete tutti è due sfigati cronici &#128514; &#129299; &#129299; &#129299; &#129299; &#129299;","‎24 / 04 / 18 , 14 : 02 - Bullo1 : What do you want, you don't even know him, you are both chronic losers &#128514; &#129299; &#129299; &#129299; &#129299; &#129299;",Insult-General_Insult,Harasser,False,False
B_1,12,"‎24 / 04 / 18 , 14 : 02 - Vittima : non faccio schifo , ho solo detto la verità alla maestra","‎24 / 04 / 18 , 14 : 02 - Vittima : I don't suck, I just told the teacher the truth.",Defense,Victim,False,False
B_1,13,"‎24 / 04 / 18 , 14 : 02 - Vittima : ve lo meritate di perdere l'anno se vi comportate così","‎24 / 04 / 18 , 14 : 02 - Vittima : you deserve to stay back a year if you behave like this",Defense,Victim,False,False
B_1,15,"‎24 / 04 / 18 , 14 : 12 - SupportoBullo1 : Avete rotto","‎24 / 04 / 18 , 14 : 12 - SupportoBullo1 : You are bothering",Insult-General_Insult,Bystander_assistant,False,False
B_1,17,"‎24 / 04 / 18 , 14 : 14 - SupportoBullo1 : Vittima a detto solo la verità","‎24 / 04 / 18 , 14 : 14 - SupportoBullo1 : Vittima told only the truth",Defense,Bystander_defender,False,False
B_1,18,"‎24 / 04 / 18 , 14 : 34 - SupportoBullo2 : Dovrebbe farsi gli affari suoi invece di ficcare sempre il naso negli affari degli altri se non vuole finire all'ospedale","‎24 / 04 / 18 , 14 : 34 - SupportoBullo2 : She should mind her own business instead of always sticking her nose in other people's business if she doesn't want to end up in the hospital.",Threat_or_Blackmail,Bystander_assistant,False,False
B_1,21,"‎24 / 04 / 18 , 14 : 37 - SupportoVittima1 : Vittima ha fatto solo la cosa giusta , smettetela ! !","‎24 / 04 / 18 , 14 : 37 - SupportoVittima1 : Vittima only did the right thing, stop it ! !",Defense,Victim,False,False
B_1,23,"‎24 / 04 / 18 , 14 : 38 - SupportoBullo1 : Non sono affari tuoi","‎24 / 04 / 18 , 14 : 38 - SupportoBullo1 : None of your business",Curse_or_Exclusion,Bystander_assistant,False,False
B_1,25,"‎24 / 04 / 18 , 14 : 39 - SupportoVittima1 : Non è colpa mia se avete portato delle sigarette a scuola","‎24 / 04 / 18 , 14 : 39 - SupportoVittima1 : It's not my fault you brought cigarettes to school.",Defense,Victim,False,False
B_1,26,"‎24 / 04 / 18 , 14 : 39 - Vittima : potevate pensarci prima","‎24 / 04 / 18 , 14 : 39 - Vittima : you could have thought of it sooner",Defense,Victim,False,False
B_1,27,"‎24 / 04 / 18 , 14 : 40 - SupportoBullo1 : Te né in porta spione","24 / 04 / 18 , 14 : 40 - SupportoBullo1 : Why do you care  snitch",Insult-General_Insult,Bystander_assistant,False,False
B_1,28,"‎24 / 04 / 18 , 14 : 40 - SupportoBullo2 : Era solo per divertirci scema","‎24 / 04 / 18 , 14 : 40 - SupportoBullo2 : It was just for fun dummy",Insult-General_Insult,Bystander_assistant,False,False
B_1,29,"‎24 / 04 / 18 , 14 : 41 - SupportoBullo1 : Ecco ai ragione","‎24 / 04 / 18 , 14 : 41 - SupportoBullo1 : yes, you are right",Encouragement_to_the_Harasser,Bystander_assistant,False,False
B_1,33,"‎24 / 04 / 18 , 14 : 43 - SupportoBullo2 : E allora ? ! Questi non sono affari tuoi","‎24 / 04 / 18 , 14 : 43 - SupportoBullo2 : So what? ! This is none of your business",Curse_or_Exclusion,Bystander_assistant,False,False
B_1,34,"‎24 / 04 / 18 , 14 : 43 - SupportoBullo1 : Ecco continua così","‎24 / 04 / 18 , 14 : 43 - SupportoBullo1 : Yeah, go on like this",Encouragement_to_the_Harasser,Bystander_assistant,False,False
B_1,36,"‎24 / 04 / 18 , 14 : 45 - SupportoVittima2 : Sei tu lo sfigaro ( Bullo1 ?","‎24 / 04 / 18 , 14 : 45 - SupportoVittima2 : Are you the loser ( Bullo1 ?",Insult-General_Insult,Bystander_assistant,False,False
B_1,39,"‎24 / 04 / 18 , 14 : 45 - SupportoVittima2 : Vittima ha fatto la cosa giusta","‎24 / 04 / 18 , 14 : 45 - SupportoVittima2 : Vittima did the right thing",Defense,Bystander_assistant,False,False
B_1,40,"‎24 / 04 / 18 , 14 : 45 - Vittima : Grazie , sono solo invidiosi","‎24 / 04 / 18 , 14 : 45 - Vittima : Thanks, they are just jealous",Defense,Victim,False,False
B_1,41,"‎24 / 04 / 18 , 14 : 45 - Bullo1 : Ma stai zitta . . . Pure tu secchiona","‎24 / 04 / 18 , 14 : 45 - Bullo1 : Shut up . . . You are a nerd too",Curse_or_Exclusion,Harasser,False,False
B_1,41,"‎24 / 04 / 18 , 14 : 45 - Bullo1 : Ma stai zitta . . . Pure tu secchiona","‎24 / 04 / 18 , 14 : 45 - Bullo1 : Shut up . . . You are a nerd too",Curse_or_Exclusion,Harasser,False,False
B_1,41,"‎24 / 04 / 18 , 14 : 45 - Bullo1 : Ma stai zitta . . . Pure tu secchiona","‎24 / 04 / 18 , 14 : 45 - Bullo1 : Shut up . . . You are a nerd too",Insult-General_Insult,Harasser,False,False
B_1,41,"‎24 / 04 / 18 , 14 : 45 - Bullo1 : Ma stai zitta . . . Pure tu secchiona","‎24 / 04 / 18 , 14 : 45 - Bullo1 : Shut up . . . You are a nerd too",Insult-General_Insult,Harasser,False,False
B_1,43,"‎24 / 04 / 18 , 14 : 46 - Vittima : se lo meritano di perdere l'anno","‎24 / 04 / 18 , 14 : 46 - Vittima : they deserve to flunk school",Defense,Victim,False,False
B_1,45,"‎24 / 04 / 18 , 14 : 46 - SupportoVittima2 : E si","‎24 / 04 / 18 , 14 : 46 - SupportoVittima2 : And yes",Defense,Bystander_defender,False,False
B_1,46,"‎24 / 04 / 18 , 14 : 46 - SupportoBullo2 : Ma zitto","‎24 / 04 / 18 , 14 : 46 - SupportoBullo2 : Shut up!",Curse_or_Exclusion,Bystander_assistant,False,False
B_1,47,"‎24 / 04 / 18 , 14 : 46 - SupportoBullo2 : Taci , questi non sono affari tuoi","‎24 / 04 / 18 , 14 : 46 - SupportoBullo2 : Shut up, this is none of your business",Curse_or_Exclusion,Bystander_assistant,False,False
B_1,48,"‎24 / 04 / 18 , 14 : 48 - Vittima : invece sì che sono affari miei","‎24 / 04 / 18 , 14 : 48 - Vittima : it is my business",Defense,Victim,False,False
B_1,49,"‎24 / 04 / 18 , 14 : 49 - SupportoBullo1 : No Non sono affari tuoi","‎24 / 04 / 18 , 14 : 49 - SupportoBullo1 : No it ‘s none of your business",Curse_or_Exclusion,Bystander_assistant,False,False
B_1,51,"‎24 / 04 / 18 , 14 : 52 - SupportoVittima2 : Volevo dire sfigato","‎24 / 04 / 18 , 14 : 52 - SupportoVittima2 : I meant loser",Insult-General_Insult,Bystander_assistant,False,False
B_1,53,"‎24 / 04 / 18 , 14 : 53 - SupportoBullo1 : SupportoVittima2 stai zitta","‎24 / 04 / 18 , 14 : 53 - SupportoBullo1 : SupportoVittima2 shut up",Curse_or_Exclusion,Bystander_assistant,False,False
B_1,54,"‎24 / 04 / 18 , 14 : 56 - SupportoBullo2 : Sisi vedrai come diventeranno affari tuoi quando ti pesteremo","‎24 / 04 / 18 , 14 : 56 - SupportoBullo2 : Sure you'll see how it will become your business when we beat you up.",Threat_or_Blackmail,Bystander_assistant,False,False
B_1,55,"‎24 / 04 / 18 , 14 : 57 - SupportoBullo1 : Ti beccheremo fuori scuola","‎24 / 04 / 18 , 14 : 57 - SupportoBullo1 : We'll catch you outside school",Threat_or_Blackmail,Bystander_assistant,False,False
B_1,56,"‎24 / 04 / 18 , 14 : 58 - SupportoBullo1 : SupportoVittima2 fatti i affari tuoi","‎24 / 04 / 18 , 14 : 58 - SupportoBullo1 : SupportoVittima2 mind your own business",Curse_or_Exclusion,Bystander_assistant,False,False
B_1,58,"‎24 / 04 / 18 , 14 : 58 - Vittima : dovreste studiare invece di offendermi","‎24 / 04 / 18 , 14 : 58 - Vittima : you should study instead of offending me",Defense,Victim,False,False
B_1,59,"‎24 / 04 / 18 , 15 : 00 - SupportoBullo1 : Io studio più di tè , tu cosa studi , studi le parolacce perché non le sai","‎24 / 04 / 18 , 15 : 00 - SupportoBullo1 : I study more than you, what do you study, you study swear words because you don't know them.",Defamation,Bystander_assistant,False,False
B_1,60,"‎24 / 04 / 18 , 15 : 03 - SupportoBullo2 : Eh già","‎24 / 04 / 18 , 15 : 03 - SupportoBullo2 : Yep",Encouragement_to_the_Harasser,Bystander_assistant,False,False
B_1,61,"‎24 / 04 / 18 , 16 : 08 - Vittima : ma che ne sapete voi , sapete solo offendere","‎24 / 04 / 18 , 16 : 08 - Vittima : what do you know, you only know how to offend",Defense,Victim,False,False
B_1,63,"‎24 / 04 / 18 , 16 : 09 - SupportoBullo2 : Si , per colpa tua marmocchio","‎24 / 04 / 18 , 16 : 09 - SupportoBullo2 : Yes, because of you brat",Insult-General_Insult,Bystander_assistant,False,False
B_1,63,"‎24 / 04 / 18 , 16 : 09 - SupportoBullo2 : Si , per colpa tua marmocchio","‎24 / 04 / 18 , 16 : 09 - SupportoBullo2 : Yes, because of you brat",Insult-General_Insult,Bystander_assistant,False,False
B_1,63,"‎24 / 04 / 18 , 16 : 09 - SupportoBullo2 : Si , per colpa tua marmocchio","‎24 / 04 / 18 , 16 : 09 - SupportoBullo2 : Yes, because of you brat",Curse_or_Exclusion,Bystander_assistant,False,False
B_1,63,"‎24 / 04 / 18 , 16 : 09 - SupportoBullo2 : Si , per colpa tua marmocchio","‎24 / 04 / 18 , 16 : 09 - SupportoBullo2 : Yes, because of you brat",Curse_or_Exclusion,Bystander_assistant,False,False
B_1,64,"‎24 / 04 / 18 , 16 : 11 - Vittima : esatto . così la smettete di scrivere cose cattive sul mio conto","‎24 / 04 / 18 , 16 : 11 - Vittima : Exactly. So you will stop writing bad things about me.",Defense,Victim,False,False
B_1,66,"‎24 / 04 / 18 , 16 : 30 - SupportoBullo1 : Anche noi faremo la spia","‎24 / 04 / 18 , 16 : 30 - SupportoBullo1 : We will also snitch",Threat_or_Blackmail,Bystander_assistant,False,False
B_1,67,"‎24 / 04 / 18 , 16 : 33 - SupportoBullo1 : Sapete perché Vittima a dei bei voti perché lui va a guardare le domande per essere capace a rispondere alle risposte delle verifiche","‎24 / 04 / 18 , 16 : 33 - SupportoBullo1 : You know why Vittima gets good grades? Because he goes to look at the questions to be able to give the answers on the tests",Defamation,Bystander_assistant,False,False
B_1,68,"‎24 / 04 / 18 , 16 : 38 - Vittima : non è vero","‎24 / 04 / 18 , 16 : 38 - Vittima : It's not true!",Defense,Victim,False,False
B_1,71,"‎24 / 04 / 18 , 16 : 49 - SupportoVittima3 : Stai zitta SupportoBullo2","‎24 / 04 / 18 , 16 : 49 - SupportoVittima3 : Shut up SupportoBullo2",Curse_or_Exclusion,Bystander_defender,False,False
B_1,72,"‎24 / 04 / 18 , 16 : 50 - SupportoBullo2 : Ma tu che centri ? ! Nessuno ti ha interpellato","‎24 / 04 / 18 , 16 : 50 - SupportoBullo2 : But what has it got to do with you? ! Nobody asked you",Curse_or_Exclusion,Bystander_assistant,False,False
B_1,73,"‎24 / 04 / 18 , 16 : 50 - Vittima : mi difende perché è mia amica , mica come te che mi tratti sempre male","‎24 / 04 / 18 , 16 : 50 - Vittima : She defends me because she is my friend, not like you who always treat me bad.",Defense,Victim,False,False
B_1,76,"‎24 / 04 / 18 , 16 : 51 - SupportoBullo2 : Io invidiosa di uno sfigato come te ? ! Ma fammi il favore","‎24 / 04 / 18 , 16 : 51 - SupportoBullo2 : Me jealous of a loser like you ? ! But do me a favor",Insult-General_Insult,Bystander_assistant,False,False
B_1,79,"‎24 / 04 / 18 , 16 : 52 - Vittima : invece sì , perché la prof mi stima","‎24 / 04 / 18 , 16 : 52 - Vittima : Quite the opposite, because the teacher values me",Defense,Victim,False,False
B_1,80,"‎24 / 04 / 18 , 16 : 52 - SupportoVittima3 : Dai SupportoBullo2 ammettilo che sei solo invidiosa","‎24 / 04 / 18 , 16 : 52 - SupportoVittima3 : Come on SupportoBullo2, just admit that you are jealous",Defense,Bystander_defender,False,False
B_1,81,"‎24 / 04 / 18 , 16 : 53 - SupportoBullo2 : Sisi come no , non é che ti stima , il punto è che ti trova pure lei insopportabile e allora fa la carina solo perché non vuole sentirti","‎24 / 04 / 18 , 16 : 53 - SupportoBullo2 : Yes, of course, it's not that she values you, the point is that she also finds you unbearable and then she's just being nice because she doesn't want to hear from you.",Defamation,Bystander_assistant,False,False
B_1,82,"‎24 / 04 / 18 , 16 : 54 - SupportoVittima3 : Ma cosa dicii ! !","‎24 / 04 / 18 , 16 : 54 - SupportoVittima3 : What are you talking about! !",Defense,Bystander_defender,False,False
B_1,83,"‎24 / 04 / 18 , 16 : 54 - SupportoBullo2 : Mamma mia guarda ogni giorno , soprattutto di lui che non lo guarda nessuno a scuola , invece qui fate i carini ma in realtà a scuola non lo considerate nemmeno quindi . .","‎24 / 04 / 18 , 16 : 54 - SupportoBullo2 : Geez, you see it’s every day, especially about him who no one looks at in school, instead here you act all friendly when in reality, at school you don’t even take him into consideration so…",Curse_or_Exclusion,Bystander_assistant,False,False
B_1,86,"‎24 / 04 / 18 , 16 : 55 - SupportoBullo2 : Ahah che spiritoso , mi ricorderò di questo quando saremo faccia a faccia","‎24 / 04 / 18 , 16 : 55 - SupportoBullo2 : Ahah  how funny, I will remember this when we are face to face",Insult-General_Insult,Bystander_assistant,True,False
B_1,86,"‎24 / 04 / 18 , 16 : 55 - SupportoBullo2 : Ahah che spiritoso , mi ricorderò di questo quando saremo faccia a faccia","‎24 / 04 / 18 , 16 : 55 - SupportoBullo2 : Ahah  how funny, I will remember this when we are face to face",Insult-General_Insult,Bystander_assistant,True,False
B_1,86,"‎24 / 04 / 18 , 16 : 55 - SupportoBullo2 : Ahah che spiritoso , mi ricorderò di questo quando saremo faccia a faccia","‎24 / 04 / 18 , 16 : 55 - SupportoBullo2 : Ahah  how funny, I will remember this when we are face to face",Threat_or_Blackmail,Bystander_assistant,True,False
B_1,86,"‎24 / 04 / 18 , 16 : 55 - SupportoBullo2 : Ahah che spiritoso , mi ricorderò di questo quando saremo faccia a faccia","‎24 / 04 / 18 , 16 : 55 - SupportoBullo2 : Ahah  how funny, I will remember this when we are face to face",Threat_or_Blackmail,Bystander_assistant,True,False
B_1,87,"‎24 / 04 / 18 , 16 : 56 - SupportoVittima3 : Cosa credi di fare ! ! Ma zitta va che non sai altro che prendertela con i più deboliii ! !","‎24 / 04 / 18 , 16 : 56 - SupportoVittima3 : What do you think you are doing ! ! Shut up, you don't do anything but to take it out on the weakest! !",Defense,Bystander_defender,False,False
B_1,87,"‎24 / 04 / 18 , 16 : 56 - SupportoVittima3 : Cosa credi di fare ! ! Ma zitta va che non sai altro che prendertela con i più deboliii ! !","‎24 / 04 / 18 , 16 : 56 - SupportoVittima3 : What do you think you are doing ! ! Shut up, you don't do anything but to take it out on the weakest! !",Defense,Bystander_defender,False,False
B_1,87,"‎24 / 04 / 18 , 16 : 56 - SupportoVittima3 : Cosa credi di fare ! ! Ma zitta va che non sai altro che prendertela con i più deboliii ! !","‎24 / 04 / 18 , 16 : 56 - SupportoVittima3 : What do you think you are doing ! ! Shut up, you don't do anything but to take it out on the weakest! !",Defense,Bystander_defender,False,False
B_1,87,"‎24 / 04 / 18 , 16 : 56 - SupportoVittima3 : Cosa credi di fare ! ! Ma zitta va che non sai altro che prendertela con i più deboliii ! !","‎24 / 04 / 18 , 16 : 56 - SupportoVittima3 : What do you think you are doing ! ! Shut up, you don't do anything but to take it out on the weakest! !",Insult-General_Insult,Bystander_defender,False,False
B_1,87,"‎24 / 04 / 18 , 16 : 56 - SupportoVittima3 : Cosa credi di fare ! ! Ma zitta va che non sai altro che prendertela con i più deboliii ! !","‎24 / 04 / 18 , 16 : 56 - SupportoVittima3 : What do you think you are doing ! ! Shut up, you don't do anything but to take it out on the weakest! !",Insult-General_Insult,Bystander_defender,False,False
B_1,87,"‎24 / 04 / 18 , 16 : 56 - SupportoVittima3 : Cosa credi di fare ! ! Ma zitta va che non sai altro che prendertela con i più deboliii ! !","‎24 / 04 / 18 , 16 : 56 - SupportoVittima3 : What do you think you are doing ! ! Shut up, you don't do anything but to take it out on the weakest! !",Insult-General_Insult,Bystander_defender,False,False
B_1,87,"‎24 / 04 / 18 , 16 : 56 - SupportoVittima3 : Cosa credi di fare ! ! Ma zitta va che non sai altro che prendertela con i più deboliii ! !","‎24 / 04 / 18 , 16 : 56 - SupportoVittima3 : What do you think you are doing ! ! Shut up, you don't do anything but to take it out on the weakest! !",Curse_or_Exclusion,Bystander_defender,False,False
B_1,87,"‎24 / 04 / 18 , 16 : 56 - SupportoVittima3 : Cosa credi di fare ! ! Ma zitta va che non sai altro che prendertela con i più deboliii ! !","‎24 / 04 / 18 , 16 : 56 - SupportoVittima3 : What do you think you are doing ! ! Shut up, you don't do anything but to take it out on the weakest! !",Curse_or_Exclusion,Bystander_defender,False,False
B_1,87,"‎24 / 04 / 18 , 16 : 56 - SupportoVittima3 : Cosa credi di fare ! ! Ma zitta va che non sai altro che prendertela con i più deboliii ! !","‎24 / 04 / 18 , 16 : 56 - SupportoVittima3 : What do you think you are doing ! ! Shut up, you don't do anything but to take it out on the weakest! !",Curse_or_Exclusion,Bystander_defender,False,False
B_1,88,"‎24 / 04 / 18 , 16 : 57 - SupportoBullo2 : Tipo un debole come Vittima e come te ?","‎24 / 04 / 18 , 16 : 57 - SupportoBullo2 : Like a weakling like Vittima and like you?",Insult-General_Insult,Bystander_assistant,False,False
B_1,89,"‎24 / 04 / 18 , 16 : 58 - Vittima : debole che però vi fa sospendere . . .","‎24 / 04 / 18 , 16 : 58 - Vittima : weak boy who gets you suspended anyway. . .",Defense,Victim,False,False
B_1,90,"‎24 / 04 / 18 , 17 : 01 - SupportoBullo2 : Si per aver fatto la spia , nemmeno i bambini di 5 anni si vantano per una cosa del genere","‎24 / 04 / 18 , 17 : 01 - SupportoBullo2 : Yes, for snitching, not even 5-year olds brag about something like that.",Insult-General_Insult,Bystander_assistant,False,False
B_1,91,"‎24 / 04 / 18 , 17 : 17 - Vittima : Intanto voi sospesi e io prendo 10","‎24 / 04 / 18 , 17 : 17 - Vittima : Meanwhile you get suspended and I got an A",Defense,Victim,False,False
B_1,92,"‎24 / 04 / 18 , 17 : 18 - SupportoBullo2 : Meglio essere sospesi piuttosto di vederti","‎24 / 04 / 18 , 17 : 18 - SupportoBullo2 : Better to be suspended than see you",Curse_or_Exclusion,Bystander_assistant,False,False
B_1,93,"‎24 / 04 / 18 , 17 : 43 - Vittima : Se continuate così non mi vedete l'anno prossimo","‎24 / 04 / 18 , 17 : 43 - Vittima : If you keep this up you won't see me next year",Defense,Victim,False,False
B_1,95,"‎24 / 04 / 18 , 18 : 31 - SupportoBullo2 : Meglio , una faccia da culo in meno &#128536;","‎24 / 04 / 18 , 18 : 31 - SupportoBullo2 : Better so, one less ass face &#128536;",Insult-General_Insult,Bystander_assistant,False,False
B_1,96,"‎24 / 04 / 18 , 18 : 47 - SupportoBullo1 : Ai proprio ragione","‎24 / 04 / 18 , 18 : 47 - SupportoBullo1 : You are so right",Encouragement_to_the_Harasser,Bystander_assistant,False,False
B_1,97,"‎24 / 04 / 18 , 18 : 48 - SupportoBullo1 : Fai prima andartene ( ''spione'' ) &#128540;","‎24 / 04 / 18 , 18 : 48 - SupportoBullo1 : You’d better get going ( ''snitch'' ) &#128540;",Insult-General_Insult,Bystander_assistant,False,False
B_1,99,"‎24 / 04 / 18 , 19 : 34 - Vittima : Ma non mi vedrete perché perdete voi un anno","‎24 / 04 / 18 , 19 : 34 - Vittima : But you won't see me because you will lose a year",Defense,Victim,False,False
B_1,100,"‎24 / 04 / 18 , 19 : 35 - SupportoVittima1 : Già","‎24 / 04 / 18 , 19 : 35 - SupportoVittima1 : Yep",Defense,Bystander_defender,False,False
B_1,101,"‎24 / 04 / 18 , 20 : 50 - SupportoBullo2 : Sempre meglio che stare in classe con uno come te","‎24 / 04 / 18 , 20 : 50 - SupportoBullo2 : It's better than being in class with someone like you.",Curse_or_Exclusion,Bystander_assistant,False,False
B_1,102,"‎24 / 04 / 18 , 20 : 51 - SupportoBullo2 : Ma tu cosa centri ? Qualcuno ha chiesto la tua opinione ? ! No , quindi taci . .","‎24 / 04 / 18 , 20 : 51 - SupportoBullo2 : But what has it got to do with you? Has anyone asked for your opinion ? ! No, so shut up . .",Curse_or_Exclusion,Bystander_assistant,False,False
B_1,103,"‎24 / 04 / 18 , 20 : 52 - SupportoVittima2 : No ti sbagli è lui a essere fortunato pk non ti vede","‎24 / 04 / 18 , 20 : 52 - SupportoVittima2 : No you're wrong, he's the one who's lucky ‘cos he can't see you.",Defense,Bystander_defender,False,False
B_1,105,"‎24 / 04 / 18 , 20 : 53 - SupportoVittima2 : Taci tu , lei ha ragione","‎24 / 04 / 18 , 20 : 53 - SupportoVittima2 : Shut up, she is right",Defense,Bystander_defender,False,False
B_1,105,"‎24 / 04 / 18 , 20 : 53 - SupportoVittima2 : Taci tu , lei ha ragione","‎24 / 04 / 18 , 20 : 53 - SupportoVittima2 : Shut up, she is right",Defense,Bystander_defender,False,False
B_1,105,"‎24 / 04 / 18 , 20 : 53 - SupportoVittima2 : Taci tu , lei ha ragione","‎24 / 04 / 18 , 20 : 53 - SupportoVittima2 : Shut up, she is right",Curse_or_Exclusion,Bystander_defender,False,False
B_1,105,"‎24 / 04 / 18 , 20 : 53 - SupportoVittima2 : Taci tu , lei ha ragione","‎24 / 04 / 18 , 20 : 53 - SupportoVittima2 : Shut up, she is right",Curse_or_Exclusion,Bystander_defender,False,False
B_1,106,"‎24 / 04 / 18 , 20 : 53 - SupportoBullo2 : Madò qui tutti che si intromettono , una vita non cela avete ? !","‎24 / 04 / 18 , 20 : 53 - SupportoBullo2 : Gosh here everyone interferes, don’t you have your own lives? !",Curse_or_Exclusion,Bystander_assistant,False,False
B_1,115,"‎24 / 04 / 18 , 20 : 56 - SupportoBullo2 : Oddio ora che copia le battute , che bambina","‎24 / 04 / 18 , 20 : 56 - SupportoBullo2 : Oh my god now she copies wisecracks, what a child",Insult-General_Insult,Bystander_assistant,False,False
B_1,121,"‎24 / 04 / 18 , 20 : 59 - SupportoBullo1 : Cosa dici sfigata","‎24 / 04 / 18 , 20 : 59 - SupportoBullo1 : What are you saying loser?",Insult-General_Insult,Bystander_assistant,False,False
B_1,122,"‎24 / 04 / 18 , 20 : 59 - SupportoVittima2 : Sono pure piú simpatica di te cosa vai a dire","‎24 / 04 / 18 , 20 : 59 - SupportoVittima2 : I'm even nicer than you, what are you going to say?",Defense,Bystander_defender,False,False
B_1,123,"‎24 / 04 / 18 , 21 : 00 - SupportoBullo1 : Ma vai a casa","‎24 / 04 / 18 , 21 : 00 - SupportoBullo1 :  Just go home",Curse_or_Exclusion,Bystander_assistant,False,False
B_1,124,"‎24 / 04 / 18 , 21 : 00 - SupportoVittima3 : Stai zitto SupportoBullo1","‎24 / 04 / 18 , 21 : 00 - SupportoVittima3 : Shut up SupportoBullo1",Curse_or_Exclusion,Bystander_defender,False,False
B_1,128,"‎24 / 04 / 18 , 21 : 01 - SupportoBullo1 : SupportoVittima3 stai zitta","‎24 / 04 / 18 , 21 : 01 - SupportoBullo1 : SupportoVittima3 shut up",Curse_or_Exclusion,Bystander_assistant,False,False
B_1,132,"‎24 / 04 / 18 , 21 : 02 - SupportoBullo1 : SupportoVittima2 stai zitto","‎24 / 04 / 18 , 21 : 02 - SupportoBullo1 : SupportoVittima2 shut up",Curse_or_Exclusion,Bystander_assistant,False,False
B_1,133,"‎24 / 04 / 18 , 21 : 06 - SupportoVittima2 : &#128169;","‎24 / 04 / 18 , 21 : 06 - SupportoVittima2 : &#128169;",Insult-General_Insult,Bystander_defender,False,False
B_1,134,"‎24 / 04 / 18 , 21 : 06 - SupportoBullo1 : Ma tu sei già una &#128169;","‎24 / 04 / 18 , 21 : 06 - SupportoBullo1 : But you are already a &#128169;",Insult-General_Insult,Bystander_assistant,False,False
B_1,146,"‎24 / 04 / 18 , 21 : 10 - SupportoVittima2 : E se ci foste voi al suo posto","‎24 / 04 / 18 , 21 : 10 - SupportoVittima2 : What if you were in his shoes instead",Defense,Bystander_defender,False,False
B_1,149,"‎24 / 04 / 18 , 21 : 14 - SupportoBullo2 : Se l'é cercata","‎24 / 04 / 18 , 21 : 14 - SupportoBullo2 : He asked for it",Other,Bystander_assistant,False,False
B_1,150,"‎24 / 04 / 18 , 21 : 14 - SupportoVittima3 : ZITTA","‎24 / 04 / 18 , 21 : 14 - SupportoVittima3 : SHUT UP",Curse_or_Exclusion,Bystander_defender,False,False
B_1,151,"‎24 / 04 / 18 , 21 : 14 - SupportoVittima2 : SI ZITTA","‎24 / 04 / 18 , 21 : 14 - SupportoVittima2 : YES, SHUT UP",Curse_or_Exclusion,Bystander_defender,False,False
B_1,152,"‎24 / 04 / 18 , 21 : 14 - SupportoVittima2 : lui ha fatto solo bene","‎24 / 04 / 18 , 21 : 14 - SupportoVittima2 : he did the right thing",Defense,Bystander_defender,False,False
B_1,155,"‎24 / 04 / 18 , 21 : 16 - SupportoVittima2 : Parla lei , che ha il cervello piú piccolo di una noce . Anzi non ce lo hai manco","‎24 / 04 / 18 , 21 : 16 - SupportoVittima2 : She is talking, the one whose brain is smaller than a walnut. In fact you don't even have it",Insult-General_Insult,Bystander_assistant,False,False
B_1,157,"‎24 / 04 / 18 , 21 : 17 - SupportoBullo2 : Ah sì ? Non so vogliamo parlare di te ? ! Che se una persona ti dice qualcosa rimbalza nella tua testa vuota per 3 settimane . . .","‎24 / 04 / 18 , 21 : 17 - SupportoBullo2 : Oh yeah? I don't know, shall we talk about you? ! if a person tells you something it bounces around in your empty head for 3 weeks . . .",Insult-General_Insult,Bystander_assistant,False,False
B_1,163,"‎24 / 04 / 18 , 21 : 19 - SupportoBullo1 : Hai rotto","‎24 / 04 / 18 , 21 : 19 - SupportoBullo1 :  You have been annoying",Insult-General_Insult,Bystander_assistant,False,False
B_1,164,"‎24 / 04 / 18 , 21 : 20 - SupportoBullo1 : Testa vuota","‎24 / 04 / 18 , 21 : 20 - SupportoBullo1 : Airhead",Insult-General_Insult,Bystander_assistant,False,False
B_1,165,"‎24 / 04 / 18 , 21 : 20 - SupportoVittima2 : Tu caso mai","‎24 / 04 / 18 , 21 : 20 - SupportoVittima2 : You, if anything  (just in case)",Insult-General_Insult,Bystander_defender,False,False
B_1,166,"‎24 / 04 / 18 , 21 : 20 - SupportoVittima2 : Nella tua testa vuota gira solo l'invidia","‎24 / 04 / 18 , 21 : 20 - SupportoVittima2 : Only jealousy fills  your empty head",Insult-General_Insult,Bystander_defender,False,False
B_1,167,"‎24 / 04 / 18 , 21 : 20 - SupportoVittima2 : Solo pk lui è inteligente e tu no","‎24 / 04 / 18 , 21 : 20 - SupportoVittima2 : Just because he's smart and you're not",Defense,Bystander_defender,False,False
B_1,169,"‎24 / 04 / 18 , 21 : 21 - SupportoBullo1 : Parla la più magra della classe &#128578;","‎24 / 04 / 18 , 21 : 21 - SupportoBullo1 : The skinniest in the class is talking &#128578;",Insult-BodyShame,Bystander_assistant,True,False
B_1,170,"‎24 / 04 / 18 , 21 : 21 - SupportoVittima2 : O che vuoi dire","‎24 / 04 / 18 , 21 : 21 - SupportoVittima2 : What do you mean?",Defense,Bystander_defender,False,False
B_1,171,"‎24 / 04 / 18 , 21 : 21 - SupportoVittima2 : Che centra","‎24 / 04 / 18 , 21 : 21 - SupportoVittima2 : What has it got to do with this?",Defense,Bystander_defender,False,False
B_1,173,"‎24 / 04 / 18 , 21 : 21 - SupportoVittima2 : Buon per me se sono mahra","‎24 / 04 / 18 , 21 : 21 - SupportoVittima2 : Good for me if  I’m thin",Defense,Bystander_defender,False,False
B_1,183,"‎24 / 04 / 18 , 21 : 28 - SupportoBullo2 : Sarà sicuramente andato a spifferare tutto ai suoi genitori lamentandosi come un bambino viziato","‎24 / 04 / 18 , 21 : 28 - SupportoBullo2 : He has surely gone to his parents complaining like a spoiled child",Defamation,Bystander_assistant,False,False
B_1,184,"‎25 / 04 / 18 , 09 : 53 - Bullo1 : Infatti è un gatto aggrappato alle palle &#128514; &#128514; &#129299; &#129299;","‎25 / 04 / 18 , 09 : 53 - Bullo1 : In fact, it's a cat clinging to balls &#128514; &#128514; &#129299; &#129299;",Insult-General_Insult,Harasser,False,False
B_1,185,"‎25 / 04 / 18 , 09 : 53 - SupportoBullo1 : Ai perfettamente ragione","‎25 / 04 / 18 , 09 : 53 - SupportoBullo1 : You are perfectly right",Encouragement_to_the_Harasser,Bystander_assistant,False,False
B_1,188,"‎25 / 04 / 18 , 09 : 54 - SupportoBullo1 : Ma stai li","‎25 / 04 / 18 , 09 : 54 - SupportoBullo1 : Just stay there",Curse_or_Exclusion,Bystander_assistant,False,False
B_1,193,"‎25 / 04 / 18 , 09 : 55 - Bullo1 : Ma stai zitta . . . .","‎25 / 04 / 18 , 09 : 55 - Bullo1 : Shut up . . . .",Curse_or_Exclusion,Harasser,False,False
B_1,194,"‎25 / 04 / 18 , 09 : 55 - SupportoBullo1 : Grande","‎25 / 04 / 18 , 09 : 55 - SupportoBullo1 : Great",Encouragement_to_the_Harasser,Bystander_assistant,False,False
B_1,195,"‎25 / 04 / 18 , 09 : 55 - SupportoVittima2 : Ma stai zitto tu","‎25 / 04 / 18 , 09 : 55 - SupportoVittima2 : Shut up!",Curse_or_Exclusion,Bystander_defender,False,False
B_1,196,"‎25 / 04 / 18 , 09 : 56 - SupportoBullo1 : Tu devi stare zitta","‎25 / 04 / 18 , 09 : 56 - SupportoBullo1 : You must be quiet",Curse_or_Exclusion,Bystander_assistant,False,False
B_1,197,"‎25 / 04 / 18 , 09 : 56 - SupportoBullo2 : Wow e Vittima dove é andato a finire ? Si lascia difendere da voi , ma intanto non scrive pk se la fa sotto dalla paura","‎25 / 04 / 18 , 09 : 56 - SupportoBullo2 : Wow and Vittima where did he go ? He lets himself be defended by you, but in the meantime he doesn't write ‘cos he’s wet himself from fear.",Defamation,Bystander_assistant,False,False
B_1,198,"‎25 / 04 / 18 , 09 : 57 - SupportoBullo1 : Si","‎25 / 04 / 18 , 09 : 57 - SupportoBullo1 : Yes",Encouragement_to_the_Harasser,Bystander_assistant,False,False
B_1,199,"‎25 / 04 / 18 , 09 : 57 - SupportoBullo1 : Infatti","‎25 / 04 / 18 , 09 : 57 - SupportoBullo1 : Indeed",Encouragement_to_the_Harasser,Bystander_assistant,False,False
B_1,201,"‎25 / 04 / 18 , 09 : 59 - SupportoVittima2 : No non lo farà mai io mi fido di lui e lo conosco molto bene","‎25 / 04 / 18 , 09 : 59 - SupportoVittima2 : No he never will, I trust him and I know him very well.",Defense,Bystander_defender,False,False
B_1,202,"‎25 / 04 / 18 , 10 : 00 - SupportoVittima2 : Non farebbe mai qualcosa ai suoi amici","‎25 / 04 / 18 , 10 : 00 - SupportoVittima2 : He would never do anything to his friends",Defense,Bystander_defender,False,False
B_1,212,"‎25 / 04 / 18 , 10 : 03 - SupportoBullo2 : Ah si lo conosci molto bene ? Allora pk in classe nessuno lo considera e adesso vi mettete in testa che sia uno dei vostri migliori amici ? ! Facendo così vi sentite più forti ? Più caritatevoli ? Ricordate però che state difendendo una persona che ha fatto la spia su una cazzata che non gli riguardava , quindi state attenti pk quella è la sua vera natura","‎25 / 04 / 18 , 10 : 03 - SupportoBullo2 : Oh really, you know him very well? So why in class no one considers him and now you get it in your head that he is one of your best friends ? ! Doing so makes you feel stronger ? More charitable? Remember though that you are defending a person who ratted about stupid shit that didn't concern him, so be careful ‘cos that is his true nature",Curse_or_Exclusion,Bystander_assistant,False,False
B_1,212,"‎25 / 04 / 18 , 10 : 03 - SupportoBullo2 : Ah si lo conosci molto bene ? Allora pk in classe nessuno lo considera e adesso vi mettete in testa che sia uno dei vostri migliori amici ? ! Facendo così vi sentite più forti ? Più caritatevoli ? Ricordate però che state difendendo una persona che ha fatto la spia su una cazzata che non gli riguardava , quindi state attenti pk quella è la sua vera natura","‎25 / 04 / 18 , 10 : 03 - SupportoBullo2 : Oh really, you know him very well? So why in class no one considers him and now you get it in your head that he is one of your best friends ? ! Doing so makes you feel stronger ? More charitable? Remember though that you are defending a person who ratted about stupid shit that didn't concern him, so be careful ‘cos that is his true nature",Curse_or_Exclusion,Bystander_assistant,False,False
B_1,212,"‎25 / 04 / 18 , 10 : 03 - SupportoBullo2 : Ah si lo conosci molto bene ? Allora pk in classe nessuno lo considera e adesso vi mettete in testa che sia uno dei vostri migliori amici ? ! Facendo così vi sentite più forti ? Più caritatevoli ? Ricordate però che state difendendo una persona che ha fatto la spia su una cazzata che non gli riguardava , quindi state attenti pk quella è la sua vera natura","‎25 / 04 / 18 , 10 : 03 - SupportoBullo2 : Oh really, you know him very well? So why in class no one considers him and now you get it in your head that he is one of your best friends ? ! Doing so makes you feel stronger ? More charitable? Remember though that you are defending a person who ratted about stupid shit that didn't concern him, so be careful ‘cos that is his true nature",Defamation,Bystander_assistant,False,False
B_1,212,"‎25 / 04 / 18 , 10 : 03 - SupportoBullo2 : Ah si lo conosci molto bene ? Allora pk in classe nessuno lo considera e adesso vi mettete in testa che sia uno dei vostri migliori amici ? ! Facendo così vi sentite più forti ? Più caritatevoli ? Ricordate però che state difendendo una persona che ha fatto la spia su una cazzata che non gli riguardava , quindi state attenti pk quella è la sua vera natura","‎25 / 04 / 18 , 10 : 03 - SupportoBullo2 : Oh really, you know him very well? So why in class no one considers him and now you get it in your head that he is one of your best friends ? ! Doing so makes you feel stronger ? More charitable? Remember though that you are defending a person who ratted about stupid shit that didn't concern him, so be careful ‘cos that is his true nature",Defamation,Bystander_assistant,False,False
B_1,213,"‎25 / 04 / 18 , 10 : 03 - SupportoBullo1 : Inffati","‎25 / 04 / 18 , 10 : 03 - SupportoBullo1 : Indeed",Encouragement_to_the_Harasser,Bystander_assistant,False,False
B_1,214,"‎25 / 04 / 18 , 10 : 29 - SupportoBullo1 : SupportoVittima2 lo sai che Vittima e andato a spifferare che tu prendi brutti voti in inglese","‎25 / 04 / 18 , 10 : 29 - SupportoBullo1 : SupportoVittima2 you know that Vittima spread the word that you get bad grades in English",Defamation,Bystander_assistant,False,False
B_1,215,"‎25 / 04 / 18 , 10 : 39 - Vittima : Io non ho fatto la spia , ho solo detto la verità alla prof perché non mi sembra il caso di portare le sigarette a scuola","‎25 / 04 / 18 , 10 : 39 - Vittima : I didn't snitch, I just told the teacher the truth because I don't think it's appropriate to bring cigarettes to school.",Defense,Victim,False,False
B_1,217,"‎25 / 04 / 18 , 10 : 39 - SupportoBullo1 : Ma stai zitto","‎25 / 04 / 18 , 10 : 39 - SupportoBullo1 : Shut up!",Curse_or_Exclusion,Bystander_assistant,False,False
B_1,218,"‎25 / 04 / 18 , 10 : 39 - Vittima : I vostri insulti mi fanno male , ma tanto l'anno prossimo non ci vediamo","‎25 / 04 / 18 , 10 : 39 - Vittima : Your insults hurt me, but anyway we won't see each other next year.",Defense,Victim,False,False
B_1,220,"‎25 / 04 / 18 , 10 : 40 - SupportoBullo1 : Stai zitto","‎25 / 04 / 18 , 10 : 40 - SupportoBullo1 : Shut up!",Curse_or_Exclusion,Bystander_assistant,False,False
B_1,224,"‎25 / 04 / 18 , 10 : 41 - SupportoBullo1 : Ma chi te la chiesto","‎25 / 04 / 18 , 10 : 41 - SupportoBullo1 : Has someone asked you?",Curse_or_Exclusion,Bystander_assistant,False,False
B_1,225,"‎25 / 04 / 18 , 10 : 41 - SupportoVittima2 : Ooooo non mi deve dire tu quando ridere","‎25 / 04 / 18 , 10 : 41 - SupportoVittima2 : Ooooo you don't have to tell me when to laugh",Defense,Bystander_defender,False,False
B_1,226,"‎25 / 04 / 18 , 10 : 42 - SupportoBullo1 : Ma stai zitta","‎25 / 04 / 18 , 10 : 42 - SupportoBullo1 : Shut up!",Curse_or_Exclusion,Bystander_assistant,False,False
B_1,227,"‎25 / 04 / 18 , 10 : 43 - SupportoBullo1 : Ma stai zitta mister ( Non sufficiente )","‎25 / 04 / 18 , 10 : 43 - SupportoBullo1 : Shut up mister (Not enough)",Curse_or_Exclusion,Bystander_assistant,False,False
B_1,228,"‎25 / 04 / 18 , 10 : 53 - SupportoBullo2 : Non sono affari tuoi , dovevi stare zitto , a te cosa ti cambia se portiamo le sigarette ? ! Forse sei solo invidioso pk noi siamo popolari e tu no , e quindi ci metti nei guai solo per questo , pk ti senti escluso e cmq c'era anche una sigaretta per te se volevi","‎25 / 04 / 18 , 10 : 53 - SupportoBullo2 : It's none of your business, you should have kept quiet, why do you care if we bring cigarettes? ! Maybe you are just jealous ‘cos we are popular and you are not, and then you get us in trouble just for this, ‘cos you feel excluded and, anyway, there was also a cigarette for you if you wanted",Curse_or_Exclusion,Bystander_assistant,False,False
B_1,230,"‎26 / 04 / 18 , 16 : 03 - SupportoVittima1 : Già , fumare fa male alla salute e a scuola poi . . . Bravo Vittima , speriamo che lo capiscano che hai fatto la cosa giusta","‎26 / 04 / 18 , 16 : 03 - SupportoVittima1 : Yeah, smoking is bad for your health and at school... Well done Vittima, hopefully they understand that you did the right thing",Defense,Bystander_defender,False,False
B_1,234,"‎26 / 04 / 18 , 16 : 36 - SupportoVittima2 : Non ascolatre quei bulli sono solo invidiosi","‎26 / 04 / 18 , 16 : 36 - SupportoVittima2 : Don't listen to those bullies, they are just jealous",Defense,Bystander_defender,False,False
B_1,237,"‎26 / 04 / 18 , 16 : 41 - SupportoBullo2 : Ma di chi ? ! Di quello là ? ! Ma fammi il favore che non me ne faccio niente di uno sfigato come lui !","‎26 / 04 / 18 , 16 : 41 - SupportoBullo2 :  of whom? ! Of that guy? ! do me a favor, I don't need a loser like him!",Insult-General_Insult,Bystander_assistant,False,False
B_2,0,"‎24 / 04 / 18 , 17 : 12 - Bullo1 : Bravo","‎24 / 04 / 18 , 17 : 12 - Bullo1 : Well said",Insult-General_Insult,Harasser,True,False
B_2,2,"‎24 / 04 / 18 , 17 : 12 - Bullo1 : Sai sei bravissimo ad fare la spia","‎24 / 04 / 18 , 17 : 12 - Bullo1 : You know you are very good at being a spy",Insult-General_Insult,Harasser,False,False
B_2,3,"‎24 / 04 / 18 , 17 : 12 - SupportoBullo2 : Esatto spione !","‎24 / 04 / 18 , 17 : 12 - SupportoBullo2 : Exactly, snitch!",Insult-General_Insult,Bystander_assistant,False,False
B_2,4,"‎24 / 04 / 18 , 17 : 13 - SupportoVittima1 : Senti ha fatto bene a dire tutto alla prof","‎24 / 04 / 18 , 17 : 13 - SupportoVittima1 : Look, he was right to tell the teacher everything.",Defense,Bystander_defender,False,False
B_2,6,"‎24 / 04 / 18 , 17 : 13 - Bullo1 : Ok ma sono affari nostri","‎24 / 04 / 18 , 17 : 13 - Bullo1 : Ok but it's our business",Defense,Harasser,False,False
B_2,8,"‎24 / 04 / 18 , 17 : 13 - SupportoVittima2 : Ha fatto quello che doveba fare","‎24 / 04 / 18 , 17 : 13 - SupportoVittima2 : He did what he had to do",Defense,Bystander_defender,False,False
B_2,10,"‎24 / 04 / 18 , 17 : 13 - SupportoVittima2 : Ha fatto bene a dire tutto alla prof .","‎24 / 04 / 18 , 17 : 13 - SupportoVittima2 : She was right to tell the teacher everything.",Defense,Bystander_defender,False,False
B_2,11,"‎24 / 04 / 18 , 17 : 13 - SupportoVittima1 : L ’ avrei fatto anche io ! Ha fatto la cosa giusta !","‎24 / 04 / 18 , 17 : 13 - SupportoVittima1 : I would have done it too! He did the right thing!",Defense,Bystander_defender,False,False
B_2,12,"‎24 / 04 / 18 , 17 : 13 - Bullo1 : Ma levati che quello la non sa fare altro solo rompere","‎24 / 04 / 18 , 17 : 13 - Bullo1 : Get out of the way, that one doesn't do anything but pester",Insult-General_Insult,Harasser,False,False
B_2,13,"‎24 / 04 / 18 , 17 : 13 - SupportoBullo2 : Esatto non sono affari vostri spioni","‎24 / 04 / 18 , 17 : 13 - SupportoBullo2 : That's right it's none of your business, snitches",Curse_or_Exclusion,Bystander_assistant,False,False
B_2,13,"‎24 / 04 / 18 , 17 : 13 - SupportoBullo2 : Esatto non sono affari vostri spioni","‎24 / 04 / 18 , 17 : 13 - SupportoBullo2 : That's right it's none of your business, snitches",Curse_or_Exclusion,Bystander_assistant,False,False
B_2,13,"‎24 / 04 / 18 , 17 : 13 - SupportoBullo2 : Esatto non sono affari vostri spioni","‎24 / 04 / 18 , 17 : 13 - SupportoBullo2 : That's right it's none of your business, snitches",Insult-General_Insult,Bystander_assistant,False,False
B_2,13,"‎24 / 04 / 18 , 17 : 13 - SupportoBullo2 : Esatto non sono affari vostri spioni","‎24 / 04 / 18 , 17 : 13 - SupportoBullo2 : That's right it's none of your business, snitches",Insult-General_Insult,Bystander_assistant,False,False
B_2,14,"‎24 / 04 / 18 , 17 : 14 - SupportoVittima1 : Tu stai zitta","‎24 / 04 / 18 , 17 : 14 - SupportoVittima1 : You shut up",Curse_or_Exclusion,Bystander_defender,False,False
B_2,15,"‎24 / 04 / 18 , 17 : 14 - SupportoVittima2 : Lasciatelo stare .","‎24 / 04 / 18 , 17 : 14 - SupportoVittima2 : Leave him alone.",Defense,Bystander_defender,False,False
B_2,17,"‎24 / 04 / 18 , 17 : 14 - Bullo1 : Non dire zitta alla mia amica","‎24 / 04 / 18 , 17 : 14 - Bullo1 : Don't tell my friend to shut up",Defense,Harasser,False,False
B_2,20,"‎24 / 04 / 18 , 17 : 14 - SupportoVittima1 : Faccio quel cavolo che mi pare","‎24 / 04 / 18 , 17 : 14 - SupportoVittima1 : I do whatever the hell I want",Defense,Bystander_defender,False,False
B_2,23,"‎24 / 04 / 18 , 17 : 14 - SupportoVittima2 : Deve stare zitta","‎24 / 04 / 18 , 17 : 14 - SupportoVittima2 : She must shut up",Curse_or_Exclusion,Bystander_defender,False,False
B_2,25,"‎24 / 04 / 18 , 17 : 14 - Bullo1 : Ma tua mamma sta zitta","‎24 / 04 / 18 , 17 : 14 - Bullo1 : Geez,  shut up",Insult-Attacking_relatives,Harasser,False,False
B_2,26,"‎24 / 04 / 18 , 17 : 14 - SupportoBullo2 : Sapete soltanto fare la spia pk siete i cocchi dei prof spioniiii","‎24 / 04 / 18 , 17 : 14 - SupportoBullo2 : You only know how to snitch ‘cos you are the teacher’s pet who snitches",Insult-General_Insult,Bystander_assistant,False,False
B_2,27,"‎24 / 04 / 18 , 17 : 14 - SupportoVittima1 : Bullo1 nessuno ti ha detto di parlare","‎24 / 04 / 18 , 17 : 14 - SupportoVittima1 : Bullo1 nobody told you to talk",Curse_or_Exclusion,Harasser,False,False
B_2,31,"‎24 / 04 / 18 , 17 : 15 - SupportoVittima2 : L'unico che deve chiudere la bocca qui è lui .","‎24 / 04 / 18 , 17 : 15 - SupportoVittima2 : The only one who needs to shut up here is him .",Curse_or_Exclusion,Bystander_defender,False,False
B_2,34,"‎24 / 04 / 18 , 17 : 15 - SupportoVittima2 : Lasciate stare Vittima","‎24 / 04 / 18 , 17 : 15 - SupportoVittima2 : Leave Vittima alone",Defense,Bystander_defender,False,False
B_2,35,"‎24 / 04 / 18 , 17 : 15 - Bullo1 : Ooo poverino","‎24 / 04 / 18 , 17 : 15 - Bullo1 : Ooo poor thing",Other,Harasser,True,False
B_2,36,"‎24 / 04 / 18 , 17 : 16 - SupportoVittima2 : Lascialo stare !","‎24 / 04 / 18 , 17 : 16 - SupportoVittima2 : Leave him alone!",Defense,Bystander_defender,False,False
B_2,39,"‎24 / 04 / 18 , 17 : 16 - SupportoBullo2 : Ma state zitti . . . i sapientoni li fate voi","‎24 / 04 / 18 , 17 : 16 - SupportoBullo2 : shut up . . . you are being smartasses",Curse_or_Exclusion,Bystander_assistant,False,False
B_2,40,"‎24 / 04 / 18 , 17 : 16 - SupportoVittima2 : State zitti tossici del cavolo","‎24 / 04 / 18 , 17 : 16 - SupportoVittima2 : Shut the hell up you loser junkies",Insult-General_Insult,Bystander_defender,False,False
B_2,40,"‎24 / 04 / 18 , 17 : 16 - SupportoVittima2 : State zitti tossici del cavolo","‎24 / 04 / 18 , 17 : 16 - SupportoVittima2 : Shut the hell up you loser junkies",Insult-General_Insult,Bystander_defender,False,False
B_2,40,"‎24 / 04 / 18 , 17 : 16 - SupportoVittima2 : State zitti tossici del cavolo","‎24 / 04 / 18 , 17 : 16 - SupportoVittima2 : Shut the hell up you loser junkies",Curse_or_Exclusion,Bystander_defender,False,False
B_2,40,"‎24 / 04 / 18 , 17 : 16 - SupportoVittima2 : State zitti tossici del cavolo","‎24 / 04 / 18 , 17 : 16 - SupportoVittima2 : Shut the hell up you loser junkies",Curse_or_Exclusion,Bystander_defender,False,False
B_2,43,"‎24 / 04 / 18 , 17 : 16 - Bullo1 : Chiedi a tua sorella se non so fare altro","‎24 / 04 / 18 , 17 : 16 - Bullo1 : Ask your sister if I can't do anything else",Insult-Attacking_relatives,Harasser,False,False
B_2,44,"‎24 / 04 / 18 , 17 : 17 - SupportoBullo1 : È tu sai solo parlare quando non serve !","‎24 / 04 / 18 , 17 : 17 - SupportoBullo1 : you only talk when you don't need to!",Insult-General_Insult,Bystander_assistant,False,False
B_2,45,"‎24 / 04 / 18 , 17 : 17 - SupportoBullo2 : Stai zitta tu cocca della prof","‎24 / 04 / 18 , 17 : 17 - SupportoBullo2 : Shut up you, teacher's pet",Insult-General_Insult,Bystander_assistant,False,False
B_2,45,"‎24 / 04 / 18 , 17 : 17 - SupportoBullo2 : Stai zitta tu cocca della prof","‎24 / 04 / 18 , 17 : 17 - SupportoBullo2 : Shut up you, teacher's pet",Insult-General_Insult,Bystander_assistant,False,False
B_2,45,"‎24 / 04 / 18 , 17 : 17 - SupportoBullo2 : Stai zitta tu cocca della prof","‎24 / 04 / 18 , 17 : 17 - SupportoBullo2 : Shut up you, teacher's pet",Curse_or_Exclusion,Bystander_assistant,False,False
B_2,45,"‎24 / 04 / 18 , 17 : 17 - SupportoBullo2 : Stai zitta tu cocca della prof","‎24 / 04 / 18 , 17 : 17 - SupportoBullo2 : Shut up you, teacher's pet",Curse_or_Exclusion,Bystander_assistant,False,False
B_2,47,"‎24 / 04 / 18 , 17 : 17 - SupportoVittima1 : Quelli che ci fanno la figura degli idioti siete voi !","‎24 / 04 / 18 , 17 : 17 - SupportoVittima1 : You are the ones who look like idiots!",Insult-General_Insult,Bystander_defender,False,False
B_2,49,"‎24 / 04 / 18 , 17 : 17 - SupportoVittima2 : Io parlo quando mi pare e piace","‎24 / 04 / 18 , 17 : 17 - SupportoVittima2 : I speak whenever I want to",Defense,Bystander_defender,False,False
B_2,50,"‎24 / 04 / 18 , 17 : 18 - SupportoVittima1 : Ma che cavolo vuoi vai via","‎24 / 04 / 18 , 17 : 18 - SupportoVittima1 : what the hell do you want, go away",Defense,Bystander_defender,False,False
B_2,50,"‎24 / 04 / 18 , 17 : 18 - SupportoVittima1 : Ma che cavolo vuoi vai via","‎24 / 04 / 18 , 17 : 18 - SupportoVittima1 : what the hell do you want, go away",Defense,Bystander_defender,False,False
B_2,50,"‎24 / 04 / 18 , 17 : 18 - SupportoVittima1 : Ma che cavolo vuoi vai via","‎24 / 04 / 18 , 17 : 18 - SupportoVittima1 : what the hell do you want, go away",Curse_or_Exclusion,Bystander_defender,False,False
B_2,50,"‎24 / 04 / 18 , 17 : 18 - SupportoVittima1 : Ma che cavolo vuoi vai via","‎24 / 04 / 18 , 17 : 18 - SupportoVittima1 : what the hell do you want, go away",Curse_or_Exclusion,Bystander_defender,False,False
B_2,51,"‎24 / 04 / 18 , 17 : 18 - Bullo1 : A si noi la facciamo per questa volta ma voi siete idioti a prescindere","‎24 / 04 / 18 , 17 : 18 - Bullo1 : yes, we’ll do it this time but you are idiots  no matter what",Insult-General_Insult,Harasser,False,False
B_2,52,"‎24 / 04 / 18 , 17 : 18 - SupportoBullo1 : Esatto","‎24 / 04 / 18 , 17 : 18 - SupportoBullo1 : Exactly",Encouragement_to_the_Harasser,Bystander_assistant,False,False
B_2,53,"‎24 / 04 / 18 , 17 : 18 - SupportoBullo2 : Vaiii grande","‎24 / 04 / 18 , 17 : 18 - SupportoBullo2 : great",Encouragement_to_the_Harasser,Bystander_assistant,False,False
B_2,54,"‎24 / 04 / 18 , 17 : 18 - SupportoVittima1 : Noi supereremo l ’ anno voi no !","‎24 / 04 / 18 , 17 : 18 - SupportoVittima1 : We'll get pass the year and you won't!",Defense,Bystander_defender,False,False
B_2,60,"‎24 / 04 / 18 , 17 : 19 - SupportoBullo2 : Esatto quindi state zitti","‎24 / 04 / 18 , 17 : 19 - SupportoBullo2 : Exactly, so shut up",Curse_or_Exclusion,Bystander_assistant,False,False
B_2,61,"‎24 / 04 / 18 , 17 : 19 - SupportoVittima2 : Sono messa meglio di te tesorooo","‎24 / 04 / 18 , 17 : 19 - SupportoVittima2 : I'm in better shape than you honey",Defense,Bystander_defender,False,False
B_2,63,"‎24 / 04 / 18 , 17 : 19 - Bullo1 : Io a te ti spacco di schiaffi","‎24 / 04 / 18 , 17 : 19 - Bullo1 : I'll slap your face",Threat_or_Blackmail,Harasser,False,False
B_2,65,"‎24 / 04 / 18 , 17 : 19 - SupportoVittima1 : Ma secondo te se dei compagni portano delle sigarette a scuola vengono premiati ? La coerenza ragazzina","‎24 / 04 / 18 , 17 : 19 - SupportoVittima1 : But do you think that if classmates bring cigarettes to school they are rewarded? Consistency, little girl",Insult-General_Insult,Bystander_defender,False,False
B_2,71,"‎24 / 04 / 18 , 17 : 20 - SupportoVittima2 : Siete solo dei bambini","‎24 / 04 / 18 , 17 : 20 - SupportoVittima2 : You are just kids",Defense,Bystander_defender,False,False
B_2,73,"‎24 / 04 / 18 , 17 : 21 - SupportoVittima2 : Non ho come padre uno come te . Mi farebbe solo schifo","‎24 / 04 / 18 , 17 : 21 - SupportoVittima2 : I don't have someone like you as a father. It would just make me sick",Defense,Bystander_defender,False,False
B_2,73,"‎24 / 04 / 18 , 17 : 21 - SupportoVittima2 : Non ho come padre uno come te . Mi farebbe solo schifo","‎24 / 04 / 18 , 17 : 21 - SupportoVittima2 : I don't have someone like you as a father. It would just make me sick",Defense,Bystander_defender,False,False
B_2,73,"‎24 / 04 / 18 , 17 : 21 - SupportoVittima2 : Non ho come padre uno come te . Mi farebbe solo schifo","‎24 / 04 / 18 , 17 : 21 - SupportoVittima2 : I don't have someone like you as a father. It would just make me sick",Insult-General_Insult,Bystander_defender,False,False
B_2,73,"‎24 / 04 / 18 , 17 : 21 - SupportoVittima2 : Non ho come padre uno come te . Mi farebbe solo schifo","‎24 / 04 / 18 , 17 : 21 - SupportoVittima2 : I don't have someone like you as a father. It would just make me sick",Insult-General_Insult,Bystander_defender,False,False
B_2,74,"‎24 / 04 / 18 , 17 : 21 - SupportoBullo1 : Ma tu fai schifo !","‎24 / 04 / 18 , 17 : 21 - SupportoBullo1 : But you suck!",Insult-General_Insult,Bystander_assistant,False,False
B_2,75,"‎24 / 04 / 18 , 17 : 21 - SupportoBullo2 : Anche tu lo sei . . . sei più bambina di tutti BAMBOCCIA","‎24 / 04 / 18 , 17 : 21 - SupportoBullo2 : So are you...you're more of a child than any of us, KID.",Insult-General_Insult,Bystander_assistant,False,False
B_2,77,"‎24 / 04 / 18 , 17 : 21 - SupportoVittima2 : Bamboccia sei u","‎24 / 04 / 18 , 17 : 21 - SupportoVittima2 : You are a kid",Insult-General_Insult,Bystander_defender,False,False
B_2,80,"‎24 / 04 / 18 , 17 : 22 - SupportoBullo2 : Impara a scrivere prima grazie","‎24 / 04 / 18 , 17 : 22 - SupportoBullo2 : Learn to write first thanks",Insult-General_Insult,Bystander_assistant,False,False
B_2,81,"‎24 / 04 / 18 , 17 : 22 - SupportoVittima2 : Parla quello che rompe gli specchi","‎24 / 04 / 18 , 17 : 22 - SupportoVittima2 : The one who breaks the mirrors is talking",Insult-BodyShame,Bystander_defender,False,False
B_2,85,"‎24 / 04 / 18 , 17 : 22 - SupportoVittima2 : Lasciate stare Vittima .","‎24 / 04 / 18 , 17 : 22 - SupportoVittima2 : Leave Vittima alone.",Defense,Bystander_defender,False,False
B_2,86,"‎24 / 04 / 18 , 17 : 22 - SupportoVittima2 : Ha fatto la cosa giusta .","‎24 / 04 / 18 , 17 : 22 - SupportoVittima2 : He did the right thing.",Defense,Bystander_defender,False,False
B_2,87,"‎24 / 04 / 18 , 17 : 23 - SupportoBullo2 : Dai dai state zitti idioti","‎24 / 04 / 18 , 17 : 23 - SupportoBullo2 : Come on, shut up you idiots",Insult-General_Insult,Bystander_assistant,False,False
B_2,87,"‎24 / 04 / 18 , 17 : 23 - SupportoBullo2 : Dai dai state zitti idioti","‎24 / 04 / 18 , 17 : 23 - SupportoBullo2 : Come on, shut up you idiots",Insult-General_Insult,Bystander_assistant,False,False
B_2,87,"‎24 / 04 / 18 , 17 : 23 - SupportoBullo2 : Dai dai state zitti idioti","‎24 / 04 / 18 , 17 : 23 - SupportoBullo2 : Come on, shut up you idiots",Curse_or_Exclusion,Bystander_assistant,False,False
B_2,87,"‎24 / 04 / 18 , 17 : 23 - SupportoBullo2 : Dai dai state zitti idioti","‎24 / 04 / 18 , 17 : 23 - SupportoBullo2 : Come on, shut up you idiots",Curse_or_Exclusion,Bystander_assistant,False,False
B_2,88,"‎24 / 04 / 18 , 17 : 23 - SupportoVittima2 : Idioti ?","‎24 / 04 / 18 , 17 : 23 - SupportoVittima2 : Idiots?",Defense,Bystander_defender,False,False
B_2,89,"‎24 / 04 / 18 , 17 : 23 - SupportoVittima2 : Ma chiudi la boccaa","‎24 / 04 / 18 , 17 : 23 - SupportoVittima2 : Shut your mouth.",Curse_or_Exclusion,Bystander_defender,False,False
B_2,90,"‎24 / 04 / 18 , 17 : 23 - Bullo1 : Cela vediamo dopo perceh ho una vita spciale IO","‎24 / 04 / 18 , 17 : 23 - Bullo1 : We will deal with it later, because I do have a special life",Threat_or_Blackmail,Harasser,False,False
B_2,91,"‎24 / 04 / 18 , 17 : 24 - SupportoVittima2 : Scusa se ti facciamo perdere tempo Tossico .","‎24 / 04 / 18 , 17 : 24 - SupportoVittima2 : Sorry to waste your time Junkie.",Insult-General_Insult,Bystander_defender,False,False
B_2,92,"‎24 / 04 / 18 , 17 : 24 - SupportoBullo2 : Tossica sarai tu ok ? ?","‎24 / 04 / 18 , 17 : 24 - SupportoBullo2 : You're a junkie, okay? ?",Insult-General_Insult,Bystander_assistant,False,False
B_2,94,"‎24 / 04 / 18 , 17 : 26 - SupportoBullo2 : Stai zitta cretina che a te ti importa solo della scuola che stai tutto il giorno davanti ai libri SECCHIONA","‎24 / 04 / 18 , 17 : 26 - SupportoBullo2 : Shut up you idiot, you only care about the school you are all day in front of the books NERD",Insult-General_Insult,Bystander_assistant,False,False
B_2,94,"‎24 / 04 / 18 , 17 : 26 - SupportoBullo2 : Stai zitta cretina che a te ti importa solo della scuola che stai tutto il giorno davanti ai libri SECCHIONA","‎24 / 04 / 18 , 17 : 26 - SupportoBullo2 : Shut up you idiot, you only care about the school you are all day in front of the books NERD",Insult-General_Insult,Bystander_assistant,False,False
B_2,94,"‎24 / 04 / 18 , 17 : 26 - SupportoBullo2 : Stai zitta cretina che a te ti importa solo della scuola che stai tutto il giorno davanti ai libri SECCHIONA","‎24 / 04 / 18 , 17 : 26 - SupportoBullo2 : Shut up you idiot, you only care about the school you are all day in front of the books NERD",Curse_or_Exclusion,Bystander_assistant,False,False
B_2,94,"‎24 / 04 / 18 , 17 : 26 - SupportoBullo2 : Stai zitta cretina che a te ti importa solo della scuola che stai tutto il giorno davanti ai libri SECCHIONA","‎24 / 04 / 18 , 17 : 26 - SupportoBullo2 : Shut up you idiot, you only care about the school you are all day in front of the books NERD",Curse_or_Exclusion,Bystander_assistant,False,False
B_2,95,"‎24 / 04 / 18 , 17 : 26 - Bullo1 : Ti infilero i denti cosi infondo per la gola i denti che ti toccera usare lo spazzolino per il culo per tirarli fuori","‎24 / 04 / 18 , 17 : 26 - Bullo1 : I'll stick my teeth so far down your throat that you'll have to use a toothbrush through your ass to pull them out.",Threat_or_Blackmail,Harasser,False,False
B_2,96,"‎24 / 04 / 18 , 17 : 26 - SupportoVittima2 : Sono superiore a voi . Non perdo tempo a fumare","‎24 / 04 / 18 , 17 : 26 - SupportoVittima2 : I am superior to you. I don't waste time smoking",Defense,Bystander_defender,False,False
B_2,97,"‎24 / 04 / 18 , 17 : 26 - SupportoVittima2 : Che paura . . &#128514;","‎24 / 04 / 18 , 17 : 26 - SupportoVittima2 : How scary . . &#128514;",Defense,Bystander_defender,True,False
B_2,98,"‎24 / 04 / 18 , 17 : 26 - SupportoVittima2 : Mi fai solo ridere","‎24 / 04 / 18 , 17 : 26 - SupportoVittima2 : You just make me laugh",Defense,Bystander_defender,False,False
B_2,100,"‎24 / 04 / 18 , 17 : 27 - SupportoBullo1 : Secchiona ! !","‎24 / 04 / 18 , 17 : 27 - SupportoBullo1 : Nerd! !",Insult-General_Insult,Bystander_assistant,False,False
B_2,101,"‎24 / 04 / 18 , 17 : 27 - SupportoVittima2 : Taci","‎24 / 04 / 18 , 17 : 27 - SupportoVittima2 : Shut up",Curse_or_Exclusion,Bystander_defender,False,False
B_2,102,"‎24 / 04 / 18 , 17 : 27 - SupportoBullo2 : Ma taci tu idiota","‎24 / 04 / 18 , 17 : 27 - SupportoBullo2 : Shut up you idiot",Curse_or_Exclusion,Bystander_assistant,False,False
B_2,102,"‎24 / 04 / 18 , 17 : 27 - SupportoBullo2 : Ma taci tu idiota","‎24 / 04 / 18 , 17 : 27 - SupportoBullo2 : Shut up you idiot",Curse_or_Exclusion,Bystander_assistant,False,False
B_2,102,"‎24 / 04 / 18 , 17 : 27 - SupportoBullo2 : Ma taci tu idiota","‎24 / 04 / 18 , 17 : 27 - SupportoBullo2 : Shut up you idiot",Insult-General_Insult,Bystander_assistant,False,False
B_2,102,"‎24 / 04 / 18 , 17 : 27 - SupportoBullo2 : Ma taci tu idiota","‎24 / 04 / 18 , 17 : 27 - SupportoBullo2 : Shut up you idiot",Insult-General_Insult,Bystander_assistant,False,False
B_2,103,"‎24 / 04 / 18 , 17 : 27 - SupportoVittima2 : Siete dei bulletti di merda .","‎24 / 04 / 18 , 17 : 27 - SupportoVittima2 : You are f***ing bullies.",Insult-General_Insult,Bystander_defender,False,False
B_2,105,"‎24 / 04 / 18 , 17 : 27 - Bullo1 : Ooo scusa ho usato pare troppo pesanti i bimbi poi si traumatizzato","‎24 / 04 / 18 , 17 : 27 - Bullo1 : Oooh sorry, I used  too nasty words, the kids will be traumatized",Insult-General_Insult,Harasser,True,False
B_2,107,"‎24 / 04 / 18 , 17 : 28 - SupportoVittima2 : Ahah non fai ridere .","‎24 / 04 / 18 , 17 : 28 - SupportoVittima2 : Ahah you are not funny.",Defense,Bystander_defender,False,False
B_2,108,"‎24 / 04 / 18 , 17 : 28 - SupportoVittima2 : Galletto","‎24 / 04 / 18 , 17 : 28 - SupportoVittima2 :  Fearless boy",Insult-General_Insult,Bystander_defender,False,False
B_2,109,"‎24 / 04 / 18 , 17 : 28 - SupportoBullo1 : Tacchinardi spiumata","‎24 / 04 / 18 , 17 : 28 - SupportoBullo1 : Plucked turkey",Insult-General_Insult,Bystander_assistant,False,False
B_2,110,"‎24 / 04 / 18 , 17 : 28 - SupportoBullo1 : Tacchina","‎24 / 04 / 18 , 17 : 28 - SupportoBullo1 : Turkey",Insult-General_Insult,Bystander_assistant,False,False
B_2,111,"‎24 / 04 / 18 , 17 : 28 - Bullo1 : Infatti le battute di tua mamma fanno ridere","‎24 / 04 / 18 , 17 : 28 - Bullo1 : In fact, your mom's jokes are hilarious",Insult-Attacking_relatives,Harasser,False,False
B_2,112,"‎24 / 04 / 18 , 17 : 29 - SupportoVittima2 : Gallina fritta","‎24 / 04 / 18 , 17 : 29 - SupportoVittima2 : Fried hen",Insult-General_Insult,Bystander_defender,False,False
B_2,113,"‎24 / 04 / 18 , 17 : 29 - Bullo1 : &#9899; la tua faccia dipo che ti avrò messo le mani afdosso","‎24 / 04 / 18 , 17 : 29 - Bullo1 : &#9899; your face after I put my hands on you",Threat_or_Blackmail,Harasser,False,False
B_2,114,"‎24 / 04 / 18 , 17 : 29 - SupportoBullo2 : E tu una secchiona di merda tutto qua &#128169; &#129299;","‎24 / 04 / 18 , 17 : 29 - SupportoBullo2 : And you are a f***ing nerd that's all &#128169; &#129299;",Insult-General_Insult,Bystander_assistant,False,False
B_2,114,"‎24 / 04 / 18 , 17 : 29 - SupportoBullo2 : E tu una secchiona di merda tutto qua &#128169; &#129299;","‎24 / 04 / 18 , 17 : 29 - SupportoBullo2 : And you are a f***ing nerd that's all &#128169; &#129299;",Insult-General_Insult,Bystander_assistant,False,False
B_2,114,"‎24 / 04 / 18 , 17 : 29 - SupportoBullo2 : E tu una secchiona di merda tutto qua &#128169; &#129299;","‎24 / 04 / 18 , 17 : 29 - SupportoBullo2 : And you are a f***ing nerd that's all &#128169; &#129299;",Insult-BodyShame,Bystander_assistant,False,False
B_2,114,"‎24 / 04 / 18 , 17 : 29 - SupportoBullo2 : E tu una secchiona di merda tutto qua &#128169; &#129299;","‎24 / 04 / 18 , 17 : 29 - SupportoBullo2 : And you are a f***ing nerd that's all &#128169; &#129299;",Insult-BodyShame,Bystander_assistant,False,False
B_2,115,"‎24 / 04 / 18 , 17 : 29 - SupportoVittima2 : Mi sto cagando in mano guarda ahahahaha","‎24 / 04 / 18 , 17 : 29 - SupportoVittima2 : I'm shitting myself look ahahaha",Defense,Bystander_defender,True,False
B_2,116,"‎24 / 04 / 18 , 17 : 29 - SupportoVittima2 : Meglio secchia che merda &#129335;‍♀","‎24 / 04 / 18 , 17 : 29 - SupportoVittima2 : Better a bucket than shit &#129335;♀",Defense,Bystander_defender,False,False
B_2,118,"‎24 / 04 / 18 , 17 : 30 - Bullo1 : Per quanto sei cessa credevo che ti cagassi in bocca","‎24 / 04 / 18 , 17 : 30 - Bullo1 : I thought you shit in your mouth because you're so ugly.",Insult-BodyShame,Harasser,False,False
B_2,119,"‎24 / 04 / 18 , 17 : 31 - SupportoBullo2 : Sta zitta che ogni volta che mi tocchi mi sporchi","‎24 / 04 / 18 , 17 : 31 - SupportoBullo2 : Shut up, every time you touch me you make me dirty.",Curse_or_Exclusion,Bystander_assistant,False,False
B_2,119,"‎24 / 04 / 18 , 17 : 31 - SupportoBullo2 : Sta zitta che ogni volta che mi tocchi mi sporchi","‎24 / 04 / 18 , 17 : 31 - SupportoBullo2 : Shut up, every time you touch me you make me dirty.",Curse_or_Exclusion,Bystander_assistant,False,False
B_2,119,"‎24 / 04 / 18 , 17 : 31 - SupportoBullo2 : Sta zitta che ogni volta che mi tocchi mi sporchi","‎24 / 04 / 18 , 17 : 31 - SupportoBullo2 : Shut up, every time you touch me you make me dirty.",Insult-General_Insult,Bystander_assistant,False,False
B_2,119,"‎24 / 04 / 18 , 17 : 31 - SupportoBullo2 : Sta zitta che ogni volta che mi tocchi mi sporchi","‎24 / 04 / 18 , 17 : 31 - SupportoBullo2 : Shut up, every time you touch me you make me dirty.",Insult-General_Insult,Bystander_assistant,False,False
B_2,120,"‎24 / 04 / 18 , 17 : 31 - SupportoVittima2 : Cago in bocca a te bidone","‎24 / 04 / 18 , 17 : 31 - SupportoVittima2 : I’ll shit in your mouth you piece of trash",Threat_or_Blackmail,Bystander_defender,False,False
B_2,120,"‎24 / 04 / 18 , 17 : 31 - SupportoVittima2 : Cago in bocca a te bidone","‎24 / 04 / 18 , 17 : 31 - SupportoVittima2 : I’ll shit in your mouth you piece of trash",Threat_or_Blackmail,Bystander_defender,False,False
B_2,120,"‎24 / 04 / 18 , 17 : 31 - SupportoVittima2 : Cago in bocca a te bidone","‎24 / 04 / 18 , 17 : 31 - SupportoVittima2 : I’ll shit in your mouth you piece of trash",Insult-BodyShame,Bystander_defender,False,False
B_2,120,"‎24 / 04 / 18 , 17 : 31 - SupportoVittima2 : Cago in bocca a te bidone","‎24 / 04 / 18 , 17 : 31 - SupportoVittima2 : I’ll shit in your mouth you piece of trash",Insult-BodyShame,Bystander_defender,False,False
B_2,121,"‎24 / 04 / 18 , 17 : 31 - SupportoBullo2 : Bidone sarai te","‎24 / 04 / 18 , 17 : 31 - SupportoBullo2 : You are a dud",Defense,Bystander_assistant,False,False
B_2,122,"‎24 / 04 / 18 , 17 : 31 - SupportoBullo1 : Meglio essere bidoni che secchioni","‎24 / 04 / 18 , 17 : 31 - SupportoBullo1 : Better to be a dud than a geek",Insult-General_Insult,Bystander_assistant,False,False
B_2,123,"‎24 / 04 / 18 , 17 : 32 - SupportoVittima2 : Non penso proprio","‎24 / 04 / 18 , 17 : 32 - SupportoVittima2 : I don't think so",Defense,Bystander_defender,False,False
B_2,125,"‎24 / 04 / 18 , 17 : 32 - Bullo1 : Dai raga poveri bimbi","‎24 / 04 / 18 , 17 : 32 - Bullo1 : Come on guys, poor kids",Insult-General_Insult,Harasser,True,False
B_2,128,"‎24 / 04 / 18 , 17 : 33 - SupportoVittima2 : Non sapete niente . Rischiate l'anno per fumare . .","‎24 / 04 / 18 , 17 : 33 - SupportoVittima2 : You don't know anything . You risk the year for smoking . .",Defense,Bystander_defender,False,False
B_2,130,"‎24 / 04 / 18 , 17 : 33 - SupportoVittima2 : Mi fate ridere giuro","‎24 / 04 / 18 , 17 : 33 - SupportoVittima2 : You make me laugh I swear",Defense,Bystander_defender,False,False
B_2,137,"‎24 / 04 / 18 , 17 : 34 - SupportoVittima2 : Vai a fumare vah","‎24 / 04 / 18 , 17 : 34 - SupportoVittima2 : Go smoke",Curse_or_Exclusion,Bystander_defender,False,False
B_2,140,"‎24 / 04 / 18 , 17 : 35 - SupportoBullo2 : Ma stai zitta che almeno lui fa qualcosa non come te che stai tutto il giorno a studiare","‎24 / 04 / 18 , 17 : 35 - SupportoBullo2 : shut up, at least he's doing something, not like you who are studying all day long.",Curse_or_Exclusion,Bystander_assistant,False,False
B_2,145,"‎24 / 04 / 18 , 17 : 35 - SupportoVittima2 : Meglio studiare che rovinarsi la vita !","‎24 / 04 / 18 , 17 : 35 - SupportoVittima2 : Better to study than to ruin one’s life!",Defense,Bystander_defender,False,False
B_2,146,"‎24 / 04 / 18 , 17 : 35 - SupportoBullo1 : Che simpatica","‎24 / 04 / 18 , 17 : 35 - SupportoBullo1 : How nice",Insult-General_Insult,Bystander_assistant,True,False
B_2,148,"‎24 / 04 / 18 , 17 : 36 - SupportoBullo1 : Sembri un registratore rotto ! !","‎24 / 04 / 18 , 17 : 36 - SupportoBullo1 : You sound like a broken tape recorder ! !",Insult-General_Insult,Bystander_assistant,False,False
B_2,149,"‎24 / 04 / 18 , 17 : 36 - SupportoVittima2 : Siete simpatici come dei calli sotto i piedi .","‎24 / 04 / 18 , 17 : 36 - SupportoVittima2 : You are as nice as corns under the feet.",Insult-General_Insult,Bystander_defender,False,False
B_2,150,"‎24 / 04 / 18 , 17 : 36 - SupportoVittima2 : E inutili come i rotoli di carta igienica finita","‎24 / 04 / 18 , 17 : 36 - SupportoVittima2 : And as useless as the finished toilet paper rolls",Insult-General_Insult,Bystander_defender,False,False
B_2,151,"‎24 / 04 / 18 , 17 : 36 - SupportoBullo1 : È tu come una buffa sulla mano","‎24 / 04 / 18 , 17 : 36 - SupportoBullo1 : And you as a funny on the hand",Insult-General_Insult,Bystander_assistant,False,False
B_2,152,"‎24 / 04 / 18 , 17 : 37 - SupportoVittima2 : Scusa se ti infastidisco","‎24 / 04 / 18 , 17 : 37 - SupportoVittima2 : Sorry to bother you",Other,Bystander_defender,True,False
B_2,158,"‎24 / 04 / 18 , 17 : 38 - Bullo1 : Sì sono tossico E infatti sono dipendente da tua madre","‎24 / 04 / 18 , 17 : 38 - Bullo1 : Yes I am a junkie and, in fact, I am addicted to your mother",Insult-Attacking_relatives,Harasser,False,False
B_2,159,"‎24 / 04 / 18 , 17 : 38 - SupportoVittima2 : Mia madre punta in alto . Non alle merda nel sottosuolo","‎24 / 04 / 18 , 17 : 38 - SupportoVittima2 : My mother aims high. Not for buried shit.",Defense,Bystander_defender,False,False
B_2,159,"‎24 / 04 / 18 , 17 : 38 - SupportoVittima2 : Mia madre punta in alto . Non alle merda nel sottosuolo","‎24 / 04 / 18 , 17 : 38 - SupportoVittima2 : My mother aims high. Not for buried shit.",Defense,Bystander_defender,False,False
B_2,159,"‎24 / 04 / 18 , 17 : 38 - SupportoVittima2 : Mia madre punta in alto . Non alle merda nel sottosuolo","‎24 / 04 / 18 , 17 : 38 - SupportoVittima2 : My mother aims high. Not for buried shit.",Insult-General_Insult,Bystander_defender,False,False
B_2,159,"‎24 / 04 / 18 , 17 : 38 - SupportoVittima2 : Mia madre punta in alto . Non alle merda nel sottosuolo","‎24 / 04 / 18 , 17 : 38 - SupportoVittima2 : My mother aims high. Not for buried shit.",Insult-General_Insult,Bystander_defender,False,False
B_2,161,"‎24 / 04 / 18 , 17 : 39 - Bullo1 : Sì tua madre si mette in ginocchio poi punta in alto con le mani per prendermi le palle","‎24 / 04 / 18 , 17 : 39 - Bullo1 : Yes, your mother gets down on her knees then reaches up with her hands to grab my balls",Insult-Attacking_relatives,Harasser,False,False
B_2,165,"‎24 / 04 / 18 , 17 : 42 - SupportoVittima2 : Basta chiedere a tua mamma .","‎24 / 04 / 18 , 17 : 42 - SupportoVittima2 : Just ask your mom.",Insult-Attacking_relatives,Bystander_defender,False,False
B_2,166,"‎24 / 04 / 18 , 17 : 43 - SupportoBullo1 : Cmq resta il fatto che Vittima è uno spione","‎24 / 04 / 18 , 17 : 43 - SupportoBullo1 : However, the fact remains that Vittima is a snitch.",Insult-General_Insult,Bystander_assistant,False,False
B_2,167,"‎24 / 04 / 18 , 17 : 43 - SupportoVittima2 : Non lo è !","‎24 / 04 / 18 , 17 : 43 - SupportoVittima2 : It is not!",Defense,Bystander_defender,False,False
B_2,168,"‎24 / 04 / 18 , 17 : 43 - SupportoVittima2 : Lasciatelo stare .","‎24 / 04 / 18 , 17 : 43 - SupportoVittima2 : Leave him alone .",Defense,Bystander_defender,False,False
B_2,169,"‎24 / 04 / 18 , 17 : 43 - SupportoVittima2 : Ha fatto la cosa giusta","‎24 / 04 / 18 , 17 : 43 - SupportoVittima2 : He did the right thing",Defense,Bystander_defender,False,False
B_2,170,"‎24 / 04 / 18 , 17 : 43 - SupportoVittima2 : Ve lo siete meritato","‎24 / 04 / 18 , 17 : 43 - SupportoVittima2 : You deserved it",Defense,Bystander_defender,False,False
B_2,171,"‎24 / 04 / 18 , 18 : 51 - Vittima : Ma cosa volete da me ?","‎24 / 04 / 18 , 18 : 51 - Vittima : But what do you want from me?",Defense,Victim,False,False
B_2,172,"‎24 / 04 / 18 , 18 : 51 - Vittima : Ho solo detto quello che ho visto . Non voglio mica passarci io per le cose che fanno gli altri ! ! ! !","‎24 / 04 / 18 , 18 : 51 - Vittima : I just said what I saw. I don't want to be the one who pays for the things others do ! ! ! !",Defense,Victim,False,False
B_2,173,"‎24 / 04 / 18 , 18 : 52 - SupportoVittima2 : Esatto","‎24 / 04 / 18 , 18 : 52 - SupportoVittima2 : Exactly",Defense,Bystander_defender,False,False
B_2,174,"‎24 / 04 / 18 , 18 : 56 - SupportoVittima1 : Infatti non rompete tossici . . .","‎24 / 04 / 18 , 18 : 56 - SupportoVittima1 : In fact, don't pester, junkies. . .",Insult-General_Insult,Bystander_defender,False,False
B_2,175,"‎24 / 04 / 18 , 20 : 09 - SupportoBullo1 : Ma state zitti secchi / bidoni","‎24 / 04 / 18 , 20 : 09 - SupportoBullo1 : shut up nerds / trash",Insult-BodyShame,Bystander_assistant,False,False
B_2,175,"‎24 / 04 / 18 , 20 : 09 - SupportoBullo1 : Ma state zitti secchi / bidoni","‎24 / 04 / 18 , 20 : 09 - SupportoBullo1 : shut up nerds / trash",Insult-BodyShame,Bystander_assistant,False,False
B_2,175,"‎24 / 04 / 18 , 20 : 09 - SupportoBullo1 : Ma state zitti secchi / bidoni","‎24 / 04 / 18 , 20 : 09 - SupportoBullo1 : shut up nerds / trash",Curse_or_Exclusion,Bystander_assistant,False,False
B_2,175,"‎24 / 04 / 18 , 20 : 09 - SupportoBullo1 : Ma state zitti secchi / bidoni","‎24 / 04 / 18 , 20 : 09 - SupportoBullo1 : shut up nerds / trash",Curse_or_Exclusion,Bystander_assistant,False,False
B_2,176,"‎24 / 04 / 18 , 20 : 10 - SupportoVittima2 : Ma chiudi la bocca tacchino","‎24 / 04 / 18 , 20 : 10 - SupportoVittima2 : Shut your mouth turkey",Insult-General_Insult,Bystander_defender,False,False
B_2,176,"‎24 / 04 / 18 , 20 : 10 - SupportoVittima2 : Ma chiudi la bocca tacchino","‎24 / 04 / 18 , 20 : 10 - SupportoVittima2 : Shut your mouth turkey",Insult-General_Insult,Bystander_defender,False,False
B_2,176,"‎24 / 04 / 18 , 20 : 10 - SupportoVittima2 : Ma chiudi la bocca tacchino","‎24 / 04 / 18 , 20 : 10 - SupportoVittima2 : Shut your mouth turkey",Curse_or_Exclusion,Bystander_defender,False,False
B_2,176,"‎24 / 04 / 18 , 20 : 10 - SupportoVittima2 : Ma chiudi la bocca tacchino","‎24 / 04 / 18 , 20 : 10 - SupportoVittima2 : Shut your mouth turkey",Curse_or_Exclusion,Bystander_defender,False,False
B_2,178,"‎24 / 04 / 18 , 20 : 11 - SupportoVittima2 : Tacchinaaa","‎24 / 04 / 18 , 20 : 11 - SupportoVittima2 : Turkey",Insult-General_Insult,Bystander_defender,False,False
B_2,179,"‎24 / 04 / 18 , 20 : 12 - SupportoBullo1 : Studi tanto e non sai neanche capire la differenza tra maschi e femmine ! !","‎24 / 04 / 18 , 20 : 12 - SupportoBullo1 : You study so much and you don't even know the difference between males and females ! !",Insult-General_Insult,Bystander_assistant,False,False
B_2,180,"‎24 / 04 / 18 , 20 : 13 - SupportoVittima2 : Ma chiudi la boccaa","‎24 / 04 / 18 , 20 : 13 - SupportoVittima2 : Shut your mouth.",Curse_or_Exclusion,Bystander_defender,False,False
B_2,181,"‎24 / 04 / 18 , 20 : 14 - SupportoVittima1 : Basta ragazzi ! Lui si sentiva moralmente di fare ciò che ha fatto e basta","‎24 / 04 / 18 , 20 : 14 - SupportoVittima1 : Enough guys! He felt morally like doing what he did, and that was it.",Defense,Bystander_defender,False,False
B_2,184,"‎24 / 04 / 18 , 20 : 36 - SupportoBullo1 : Ma dai state zitti","‎24 / 04 / 18 , 20 : 36 - SupportoBullo1 : Shut up!",Curse_or_Exclusion,Bystander_assistant,False,False
B_2,185,"‎24 / 04 / 18 , 20 : 46 - SupportoBullo2 : Esatto state zitti","‎24 / 04 / 18 , 20 : 46 - SupportoBullo2 : That's right, shut up",Encouragement_to_the_Harasser,Bystander_assistant,False,False
B_2,185,"‎24 / 04 / 18 , 20 : 46 - SupportoBullo2 : Esatto state zitti","‎24 / 04 / 18 , 20 : 46 - SupportoBullo2 : That's right, shut up",Encouragement_to_the_Harasser,Bystander_assistant,False,False
B_2,185,"‎24 / 04 / 18 , 20 : 46 - SupportoBullo2 : Esatto state zitti","‎24 / 04 / 18 , 20 : 46 - SupportoBullo2 : That's right, shut up",Curse_or_Exclusion,Bystander_assistant,False,False
B_2,185,"‎24 / 04 / 18 , 20 : 46 - SupportoBullo2 : Esatto state zitti","‎24 / 04 / 18 , 20 : 46 - SupportoBullo2 : That's right, shut up",Curse_or_Exclusion,Bystander_assistant,False,False
B_2,186,"‎24 / 04 / 18 , 20 : 47 - Bullo1 : Raga se vi intromette peggio per VOI perche pocchio voi e anche lui quindi","‎24 / 04 / 18 , 20 : 47 - Bullo1 : Guys, if you interfere, too bad for YOU because I’ll beat you and him too, so..",Threat_or_Blackmail,Harasser,False,False
B_2,187,"‎24 / 04 / 18 , 20 : 48 - Bullo1 : Questa vasta scelta di diffonderlo è come la vostra vita cioè inutile","‎24 / 04 / 18 , 20 : 48 - Bullo1 : This wide choice of spreading is like your life, i.e. useless",Curse_or_Exclusion,Harasser,False,False
B_2,189,"‎24 / 04 / 18 , 20 : 49 - SupportoBullo1 : Quindi siamo in tre conto tre babbuini","‎24 / 04 / 18 , 20 : 49 - SupportoBullo1 : So we are three against three baboons",Insult-General_Insult,Bystander_assistant,False,False
B_2,190,"‎24 / 04 / 18 , 21 : 02 - SupportoVittima2 : Babbuina sarai tu","‎24 / 04 / 18 , 21 : 02 - SupportoVittima2 : You're the baboon",Defense,Bystander_defender,False,False
B_2,191,"‎24 / 04 / 18 , 21 : 03 - Bullo1 : Che bambini che siete","‎24 / 04 / 18 , 21 : 03 - Bullo1 :  you are just kids",Insult-General_Insult,Harasser,False,False
B_2,193,"‎24 / 04 / 18 , 21 : 03 - Bullo1 : Ma crescete","‎24 / 04 / 18 , 21 : 03 - Bullo1 : grow up",Other,Harasser,False,False
B_2,194,"‎24 / 04 / 18 , 21 : 03 - SupportoVittima2 : Ma chiuditi la bocca","‎24 / 04 / 18 , 21 : 03 - SupportoVittima2 : Shut your mouth.",Curse_or_Exclusion,Bystander_defender,False,False
B_2,196,"‎24 / 04 / 18 , 21 : 06 - SupportoVittima2 : Se hai qualche problema vieni pure a dirmelo","‎24 / 04 / 18 , 21 : 06 - SupportoVittima2 : If you have any problem come and tell me",Defense,Bystander_defender,False,False
B_2,197,"‎24 / 04 / 18 , 21 : 07 - SupportoVittima2 : Non mi fai paura","‎24 / 04 / 18 , 21 : 07 - SupportoVittima2 : You don't scare me",Defense,Bystander_defender,False,False
B_2,198,"‎24 / 04 / 18 , 21 : 09 - SupportoBullo1 : Vediamo giovedì a scuola","‎24 / 04 / 18 , 21 : 09 - SupportoBullo1 : We will see on Thursday at school",Threat_or_Blackmail,Bystander_assistant,False,False
B_2,200,"‎24 / 04 / 18 , 21 : 14 - SupportoVittima2 : Se aver problemi venite a dirmelo . Non mascondetevi dietro ad uno schermo","‎24 / 04 / 18 , 21 : 14 - SupportoVittima2 : If you have problems come and tell me. Don't hide behind a screen",Defense,Bystander_defender,False,False
B_2,201,"‎24 / 04 / 18 , 21 : 19 - Vittima : io non vi capisco , anche voi avreste fatto lo stesso","‎24 / 04 / 18 , 21 : 19 - Vittima : I don't understand you, you would have done the same.",Defense,Victim,False,False
B_2,202,"‎24 / 04 / 18 , 21 : 20 - Bullo1 : Sono affari nostri di cosa facciamo però tu hai sbagliato ed ci saranno dell brutte conssenguemze","‎24 / 04 / 18 , 21 : 20 - Bullo1 : What we do is  our own business but you made a mistake and there will be some bad consequences",Threat_or_Blackmail,Harasser,False,False
B_2,202,"‎24 / 04 / 18 , 21 : 20 - Bullo1 : Sono affari nostri di cosa facciamo però tu hai sbagliato ed ci saranno dell brutte conssenguemze","‎24 / 04 / 18 , 21 : 20 - Bullo1 : What we do is  our own business but you made a mistake and there will be some bad consequences",Threat_or_Blackmail,Harasser,False,False
B_2,202,"‎24 / 04 / 18 , 21 : 20 - Bullo1 : Sono affari nostri di cosa facciamo però tu hai sbagliato ed ci saranno dell brutte conssenguemze","‎24 / 04 / 18 , 21 : 20 - Bullo1 : What we do is  our own business but you made a mistake and there will be some bad consequences",Other,Harasser,False,False
B_2,202,"‎24 / 04 / 18 , 21 : 20 - Bullo1 : Sono affari nostri di cosa facciamo però tu hai sbagliato ed ci saranno dell brutte conssenguemze","‎24 / 04 / 18 , 21 : 20 - Bullo1 : What we do is  our own business but you made a mistake and there will be some bad consequences",Other,Harasser,False,False
B_2,203,"‎24 / 04 / 18 , 21 : 20 - Vittima : mi stai minacciando ?","‎24 / 04 / 18 , 21 : 20 - Vittima : Are you threatening me?",Defense,Victim,False,False
B_2,205,"‎24 / 04 / 18 , 21 : 21 - Bullo1 : Sto solo dicendo che ci saranno delle conseguenze","‎24 / 04 / 18 , 21 : 21 - Bullo1 : I'm just saying there will be consequences",Threat_or_Blackmail,Harasser,False,False
B_2,210,"‎24 / 04 / 18 , 21 : 24 - SupportoVittima2 : Non li sopporto più .","‎24 / 04 / 18 , 21 : 24 - SupportoVittima2 : I can't stand them anymore.",Defense,Bystander_defender,False,False
B_2,211,"‎25 / 04 / 18 , 10 : 30 - SupportoBullo1 : Neanche noi sopportiamo più voi","‎25 / 04 / 18 , 10 : 30 - SupportoBullo1 : We can't stand you anymore either",Other,Bystander_assistant,False,False
B_2,212,"‎25 / 04 / 18 , 10 : 37 - Bullo1 : Ma tranquilla tanto da domani non ci daranno piu fastidio","‎25 / 04 / 18 , 10 : 37 - Bullo1 :  Don’t worry, from tomorrow they will not bother us anymore",Threat_or_Blackmail,Harasser,False,False
B_2,213,"‎25 / 04 / 18 , 10 : 37 - SupportoVittima1 : Ma stai zitta , nessuno ti ha chiamato","‎25 / 04 / 18 , 10 : 37 - SupportoVittima1 : shut up, no one called you",Curse_or_Exclusion,Bystander_defender,False,False
B_2,215,"‎25 / 04 / 18 , 10 : 38 - SupportoVittima2 : Prega solo che non ti veda in classe","‎25 / 04 / 18 , 10 : 38 - SupportoVittima2 : Just pray he doesn't see you in class",Threat_or_Blackmail,Bystander_defender,False,False
B_2,217,"‎25 / 04 / 18 , 10 : 38 - SupportoBullo1 : Ha perché se no ?","‎25 / 04 / 18 , 10 : 38 - SupportoBullo1 : Ah, if not?",Defense,Bystander_assistant,False,False
B_2,218,"‎25 / 04 / 18 , 10 : 38 - Bullo1 : Mi fai ridere","‎25 / 04 / 18 , 10 : 38 - Bullo1 : You make me laugh",Other,Harasser,False,False
B_2,220,"‎25 / 04 / 18 , 10 : 38 - SupportoVittima2 : Chiuditi la bocca Bullo1","‎25 / 04 / 18 , 10 : 38 - SupportoVittima2 : Shut your mouth Bullo1",Curse_or_Exclusion,Bystander_defender,False,False
B_2,221,"‎25 / 04 / 18 , 10 : 39 - SupportoVittima2 : Non mi fate paura","‎25 / 04 / 18 , 10 : 39 - SupportoVittima2 : You don't scare me",Defense,Bystander_defender,False,False
B_2,223,"‎25 / 04 / 18 , 10 : 39 - SupportoVittima2 : Ma stai zitto scimmione","‎25 / 04 / 18 , 10 : 39 - SupportoVittima2 : Shut up monkey",Curse_or_Exclusion,Bystander_defender,False,False
B_2,223,"‎25 / 04 / 18 , 10 : 39 - SupportoVittima2 : Ma stai zitto scimmione","‎25 / 04 / 18 , 10 : 39 - SupportoVittima2 : Shut up monkey",Curse_or_Exclusion,Bystander_defender,False,False
B_2,223,"‎25 / 04 / 18 , 10 : 39 - SupportoVittima2 : Ma stai zitto scimmione","‎25 / 04 / 18 , 10 : 39 - SupportoVittima2 : Shut up monkey",Insult-General_Insult,Bystander_defender,False,False
B_2,223,"‎25 / 04 / 18 , 10 : 39 - SupportoVittima2 : Ma stai zitto scimmione","‎25 / 04 / 18 , 10 : 39 - SupportoVittima2 : Shut up monkey",Insult-General_Insult,Bystander_defender,False,False
B_2,225,"‎25 / 04 / 18 , 10 : 40 - SupportoVittima2 : Bau bau lo fa tua mamma","‎25 / 04 / 18 , 10 : 40 - SupportoVittima2 : Woof-woof does your mom",Insult-Attacking_relatives,Bystander_defender,False,False
B_2,228,"‎25 / 04 / 18 , 13 : 30 - SupportoVittima1 : Meglio far ridere che terrorizzare le persone con la vostra faccia","‎25 / 04 / 18 , 13 : 30 - SupportoVittima1 : Better to make people laugh than to terrify them with your face",Defense,Bystander_defender,False,False
B_2,230,"‎25 / 04 / 18 , 13 : 51 - SupportoVittima2 : Non ha uno specchio . Perché appena ti vede lo specchio si rompe .","‎25 / 04 / 18 , 13 : 51 - SupportoVittima2 : He does not have a mirror. Because as soon as you look in the mirror, it breaks.",Insult-BodyShame,Bystander_defender,False,False
B_2,237,"‎25 / 04 / 18 , 19 : 40 - SupportoBullo1 : Cmq Vittima è veramente un ignorante perché non sa cosa gli accadrà domani","‎25 / 04 / 18 , 19 : 40 - SupportoBullo1 : Anyway, Vittima is really an ignorant because he does not know what will happen to him tomorrow",Insult-General_Insult,Bystander_assistant,False,False
B_2,237,"‎25 / 04 / 18 , 19 : 40 - SupportoBullo1 : Cmq Vittima è veramente un ignorante perché non sa cosa gli accadrà domani","‎25 / 04 / 18 , 19 : 40 - SupportoBullo1 : Anyway, Vittima is really an ignorant because he does not know what will happen to him tomorrow",Insult-General_Insult,Bystander_assistant,False,False
B_2,237,"‎25 / 04 / 18 , 19 : 40 - SupportoBullo1 : Cmq Vittima è veramente un ignorante perché non sa cosa gli accadrà domani","‎25 / 04 / 18 , 19 : 40 - SupportoBullo1 : Anyway, Vittima is really an ignorant because he does not know what will happen to him tomorrow",Threat_or_Blackmail,Bystander_assistant,False,False
B_2,237,"‎25 / 04 / 18 , 19 : 40 - SupportoBullo1 : Cmq Vittima è veramente un ignorante perché non sa cosa gli accadrà domani","‎25 / 04 / 18 , 19 : 40 - SupportoBullo1 : Anyway, Vittima is really an ignorant because he does not know what will happen to him tomorrow",Threat_or_Blackmail,Bystander_assistant,False,False
B_2,242,"‎25 / 04 / 18 , 19 : 42 - SupportoVittima1 : Voi domani a Vittima non fate niente","‎25 / 04 / 18 , 19 : 42 - SupportoVittima1 : tomorrow you won’t do anything to Vittima",Defense,Bystander_defender,False,False
B_2,243,"‎25 / 04 / 18 , 19 : 42 - SupportoBullo1 : Vediamo . . . .","‎25 / 04 / 18 , 19 : 42 - SupportoBullo1 : Let's see . . . .",Threat_or_Blackmail,Harasser,False,False
B_2,244,"‎25 / 04 / 18 , 19 : 42 - SupportoVittima2 : Se provi a toccarlo ci penso io .","‎25 / 04 / 18 , 19 : 42 - SupportoVittima2 : If you try to touch him I'll take care of it.",Threat_or_Blackmail,Bystander_defender,False,False
B_2,247,"‎25 / 04 / 18 , 19 : 43 - SupportoVittima1 : Non avete le palle di farlo","‎25 / 04 / 18 , 19 : 43 - SupportoVittima1 : You have no guts to do it",Insult-General_Insult,Bystander_defender,False,False
B_2,248,"‎25 / 04 / 18 , 19 : 43 - SupportoVittima1 : Parlate ma non agite","‎25 / 04 / 18 , 19 : 43 - SupportoVittima1 : You’re all talk, no action",Defense,Bystander_defender,False,False
B_2,249,"‎25 / 04 / 18 , 19 : 46 - SupportoVittima2 : Non avete le palle","‎25 / 04 / 18 , 19 : 46 - SupportoVittima2 : You have no guts",Insult-General_Insult,Bystander_defender,False,False
B_2,250,"‎25 / 04 / 18 , 19 : 46 - SupportoVittima2 : Facile parlare da dietro uno schermo","‎25 / 04 / 18 , 19 : 46 - SupportoVittima2 : Easy to talk from behind a screen",Defense,Bystander_defender,False,False
B_2,251,"‎25 / 04 / 18 , 19 : 46 - SupportoBullo1 : Ok allora vediamo domani","‎25 / 04 / 18 , 19 : 46 - SupportoBullo1 : Ok  we will see tomorrow then",Threat_or_Blackmail,Bystander_assistant,False,False
B_2,253,"‎25 / 04 / 18 , 19 : 47 - SupportoVittima2 : Ci vediamo domani","‎25 / 04 / 18 , 19 : 47 - SupportoVittima2 : See you tomorrow",Threat_or_Blackmail,Bystander_defender,False,False
B_2,255,"‎25 / 04 / 18 , 19 : 47 - SupportoVittima2 : Voglio proprio vedere cosa fate ahahahahah","‎25 / 04 / 18 , 19 : 47 - SupportoVittima2 : I really want to see what you do ahahahahahah",Other,Bystander_defender,False,False
B_2,259,"‎25 / 04 / 18 , 19 : 49 - SupportoVittima2 : Io gioco a calcio con la tua testa se non lo lasciate stare .","‎25 / 04 / 18 , 19 : 49 - SupportoVittima2 : I’ll play soccer with your head if you don't leave him alone.",Threat_or_Blackmail,Bystander_defender,False,False
B_2,260,"‎25 / 04 / 18 , 19 : 49 - SupportoVittima1 : Se foste stati al posto suo l ’ avreste fatto anche voi quindi chiudete quella cazzo di bocca","‎25 / 04 / 18 , 19 : 49 - SupportoVittima1 : If you were in his shoes you would have done it too, so shut the fuck up",Curse_or_Exclusion,Bystander_defender,False,False
B_2,260,"‎25 / 04 / 18 , 19 : 49 - SupportoVittima1 : Se foste stati al posto suo l ’ avreste fatto anche voi quindi chiudete quella cazzo di bocca","‎25 / 04 / 18 , 19 : 49 - SupportoVittima1 : If you were in his shoes you would have done it too, so shut the fuck up",Curse_or_Exclusion,Bystander_defender,False,False
B_2,260,"‎25 / 04 / 18 , 19 : 49 - SupportoVittima1 : Se foste stati al posto suo l ’ avreste fatto anche voi quindi chiudete quella cazzo di bocca","‎25 / 04 / 18 , 19 : 49 - SupportoVittima1 : If you were in his shoes you would have done it too, so shut the fuck up",Defense,Bystander_defender,False,False
B_2,260,"‎25 / 04 / 18 , 19 : 49 - SupportoVittima1 : Se foste stati al posto suo l ’ avreste fatto anche voi quindi chiudete quella cazzo di bocca","‎25 / 04 / 18 , 19 : 49 - SupportoVittima1 : If you were in his shoes you would have done it too, so shut the fuck up",Defense,Bystander_defender,False,False
B_2,261,"‎25 / 04 / 18 , 19 : 50 - Bullo1 : Lo so . che lo fai hai preso da tua madre se giochi come le da vestita immagina dopo","‎25 / 04 / 18 , 19 : 50 - Bullo1 : I know you do it. you took after your mother if you play like she does  when dressed, imagine afterwards",Insult-Attacking_relatives,Harasser,False,False
B_2,266,"‎25 / 04 / 18 , 19 : 57 - SupportoBullo1 : Tu Vittima non dici niente è . . . . hai paura &#129299;","‎25 / 04 / 18 , 19 : 57 - SupportoBullo1 : You Vittima, you don't say anything, do you ? . . . you're afraid &#129299;",Other,Harasser,False,False
B_2,267,"‎25 / 04 / 18 , 19 : 57 - SupportoVittima1 : Paura di voi ? Non credo proprio che ne abbia","‎25 / 04 / 18 , 19 : 57 - SupportoVittima1 : Afraid of you? I don't think he has any",Defense,Victim,False,False
B_2,269,"‎25 / 04 / 18 , 20 : 01 - SupportoBullo2 : Ma stai zitta che quella che non ha le palle per farlo sei tu","‎25 / 04 / 18 , 20 : 01 - SupportoBullo2 : Shut up, you're the one who has no guts to do it.",Curse_or_Exclusion,Bystander_assistant,False,False
B_2,269,"‎25 / 04 / 18 , 20 : 01 - SupportoBullo2 : Ma stai zitta che quella che non ha le palle per farlo sei tu","‎25 / 04 / 18 , 20 : 01 - SupportoBullo2 : Shut up, you're the one who has no guts to do it.",Curse_or_Exclusion,Bystander_assistant,False,False
B_2,269,"‎25 / 04 / 18 , 20 : 01 - SupportoBullo2 : Ma stai zitta che quella che non ha le palle per farlo sei tu","‎25 / 04 / 18 , 20 : 01 - SupportoBullo2 : Shut up, you're the one who has no guts to do it.",Insult-General_Insult,Bystander_assistant,False,False
B_2,269,"‎25 / 04 / 18 , 20 : 01 - SupportoBullo2 : Ma stai zitta che quella che non ha le palle per farlo sei tu","‎25 / 04 / 18 , 20 : 01 - SupportoBullo2 : Shut up, you're the one who has no guts to do it.",Insult-General_Insult,Bystander_assistant,False,False
B_2,270,"‎25 / 04 / 18 , 20 : 03 - SupportoVittima1 : Avrà altro da fare invece che stare qui e rispondere a 4 idioti","‎25 / 04 / 18 , 20 : 03 - SupportoVittima1 : He has something else to do instead of staying here and give answers to 4 idiots",Defense,Bystander_defender,False,False
B_2,271,"‎25 / 04 / 18 , 20 : 03 - SupportoBullo2 : L ’ idiota sarai tu tesoro","‎25 / 04 / 18 , 20 : 03 - SupportoBullo2 : You are the idiot honey",Insult-General_Insult,Bystander_assistant,False,False
B_2,275,"‎25 / 04 / 18 , 20 : 06 - SupportoBullo2 : E allora ? ? ? Ti da fastidio . . . mi dispiace sfigata","‎25 / 04 / 18 , 20 : 06 - SupportoBullo2 : So what ? ? ? Does it bother you . . .  I'm sorry loser",Insult-General_Insult,Bystander_assistant,False,False
B_2,277,"‎25 / 04 / 18 , 20 : 08 - SupportoVittima1 : Io ? Sfigata ? Parla quella che si crede dio sceso in terra quando si fa vedere che fuma , non sei più figa se fumi sappilo , e almeno io l ’ anno lo supero con una buona pagella vorrei vedere la tua che quest ’ anno ti bocciano","‎25 / 04 / 18 , 20 : 08 - SupportoVittima1 : Me? Loser? The one who believes she is God’s gift to the world when smoking is speaking, you are not cooler if you smoke you know, and at least I will pass the year with good grades, I would like to see yours since you will fail this year.",Defense,Bystander_defender,False,False
B_2,281,"‎25 / 04 / 18 , 20 : 11 - SupportoBullo2 : Ma stai zitta . . . tappati quella bocca del cavolo","‎25 / 04 / 18 , 20 : 11 - SupportoBullo2 : Shut up . . .shut the hell up.",Curse_or_Exclusion,Bystander_assistant,False,False
B_2,283,"‎25 / 04 / 18 , 20 : 15 - SupportoVittima1 : E adesso ha visualizzato e nn risponde , quelle che hanno ragione qua sono io e SupportoVittima2 muti","‎25 / 04 / 18 , 20 : 15 - SupportoVittima1 : And now he has displayed (the message ) but he does not answer, those who are right here are SupportoVittima2 and myself, keep your mouth shut",Defense,Bystander_defender,False,False
B_2,283,"‎25 / 04 / 18 , 20 : 15 - SupportoVittima1 : E adesso ha visualizzato e nn risponde , quelle che hanno ragione qua sono io e SupportoVittima2 muti","‎25 / 04 / 18 , 20 : 15 - SupportoVittima1 : And now he has displayed (the message ) but he does not answer, those who are right here are SupportoVittima2 and myself, keep your mouth shut",Defense,Bystander_defender,False,False
B_2,283,"‎25 / 04 / 18 , 20 : 15 - SupportoVittima1 : E adesso ha visualizzato e nn risponde , quelle che hanno ragione qua sono io e SupportoVittima2 muti","‎25 / 04 / 18 , 20 : 15 - SupportoVittima1 : And now he has displayed (the message ) but he does not answer, those who are right here are SupportoVittima2 and myself, keep your mouth shut",Curse_or_Exclusion,Bystander_defender,False,False
B_2,283,"‎25 / 04 / 18 , 20 : 15 - SupportoVittima1 : E adesso ha visualizzato e nn risponde , quelle che hanno ragione qua sono io e SupportoVittima2 muti","‎25 / 04 / 18 , 20 : 15 - SupportoVittima1 : And now he has displayed (the message ) but he does not answer, those who are right here are SupportoVittima2 and myself, keep your mouth shut",Curse_or_Exclusion,Bystander_defender,False,False
B_2,286,"‎25 / 04 / 18 , 20 : 24 - SupportoBullo1 : Comunque anche voi state parlando al posto di Vittima . . . poverino non si sa difendere . . . . . &#128557; &#128557; &#128557;","‎25 / 04 / 18 , 20 : 24 - SupportoBullo1 : However, you are also speaking in place of Vittima . . . poor guy  he can't defend himself . . . . . &#128557; &#128557; &#128557;",Insult-General_Insult,Bystander_assistant,False,False
B_2,287,"‎25 / 04 / 18 , 20 : 25 - SupportoBullo2 : Dai stronzetta cerca di non farmi incazzare","‎25 / 04 / 18 , 20 : 25 - SupportoBullo2 : Come on, bitch try not to piss me off",Insult-General_Insult,Bystander_assistant,False,False
B_2,290,"‎25 / 04 / 18 , 20 : 26 - SupportoVittima1 : Avrà altro da fare , non lo stiamo difendendo , stiamo solo dicendo le cose come stanno","‎25 / 04 / 18 , 20 : 26 - SupportoVittima1 : He must have other things to do, we are not defending him, we are just telling it like it is.",Defense,Bystander_defender,False,False
B_2,291,"‎25 / 04 / 18 , 20 : 27 - SupportoVittima1 : O se no ? Che cosa fai ? Va nel angolino a piangere","‎25 / 04 / 18 , 20 : 27 - SupportoVittima1 : Or what? What are you doing? He goes into the corner to cry",Defense,Bystander_defender,False,False
B_2,292,"‎25 / 04 / 18 , 20 : 28 - SupportoBullo1 : Sisi intanto sei tu e Vittima quelli che piangono sempre . .","‎25 / 04 / 18 , 20 : 28 - SupportoBullo1 : Sure, in the meantime, you and Vittima are the ones who are always crying....",Defamation,Bystander_assistant,False,False
B_2,293,"‎25 / 04 / 18 , 20 : 29 - SupportoBullo2 : No vado nel angolo a pensare come fartela pagare","‎25 / 04 / 18 , 20 : 29 - SupportoBullo2 : No I'm going into the corner to think about how to make you pay for it",Threat_or_Blackmail,Bystander_assistant,False,False
B_2,294,"‎25 / 04 / 18 , 20 : 30 - SupportoVittima1 : Ma si dai che sicuramente quando sarai tornata da scuola quando ti hanno trovato le sigarette avrai iniziato a piangere come non mai","‎25 / 04 / 18 , 20 : 30 - SupportoVittima1 : yes, I'm sure that when you came back from school when they found the cigarettes, you have started to cry like never before",Defamation,Bystander_defender,False,False
B_2,296,"‎25 / 04 / 18 , 20 : 32 - SupportoBullo2 : La sigaretta te la spengo sulla tetta se non stai zitta","‎25 / 04 / 18 , 20 : 32 - SupportoBullo2 : I'll put out my cigarette on your boob if you don't shut up.",Threat_or_Blackmail,Bystander_assistant,False,False
B_2,299,"‎25 / 04 / 18 , 20 : 34 - SupportoVittima1 : O stai aspettando che la mammina ti dica altre cose da scrivere ?","‎25 / 04 / 18 , 20 : 34 - SupportoVittima1 : Or are you waiting for Mommy to tell you more things to write ?",Insult-Attacking_relatives,Bystander_defender,False,False
B_2,301,"‎25 / 04 / 18 , 20 : 36 - SupportoBullo2 : &#128405;","‎25 / 04 / 18 , 20 : 36 - SupportoBullo2 : &#128405;",Insult-General_Insult,Bystander_assistant,False,False
B_2,306,"‎25 / 04 / 18 , 20 : 47 - SupportoBullo1 : Si ma non ho chiesto a te perché per me non esisti","‎25 / 04 / 18 , 20 : 47 - SupportoBullo1 : Yes, but I didn't ask you because you don't exist for me.",Curse_or_Exclusion,Bystander_assistant,False,False
B_2,307,"‎26 / 04 / 18 , 19 : 20 - SupportoBullo1 : Vittima è uno spione ! !","‎26 / 04 / 18 , 19 : 20 - SupportoBullo1 : Vittima is a snitch ! !",Insult-General_Insult,Bystander_assistant,False,False
B_2,308,"‎26 / 04 / 18 , 19 : 21 - SupportoVittima2 : Esatto","‎26 / 04 / 18 , 19 : 21 - SupportoVittima2 : Exactly",Encouragement_to_the_Harasser,Bystander_defender,False,False
B_2,310,"‎26 / 04 / 18 , 19 : 22 - SupportoBullo1 : Allora sei d'accordo con noi nerd","‎26 / 04 / 18 , 19 : 22 - SupportoBullo1 : So you agree with us nerds",Insult-General_Insult,Bystander_assistant,False,False
B_2,314,"‎26 / 04 / 18 , 19 : 40 - SupportoVittima2 : Non è vero","‎26 / 04 / 18 , 19 : 40 - SupportoVittima2 : Not true",Defense,Bystander_defender,False,False
B_2,315,"‎26 / 04 / 18 , 19 : 40 - SupportoVittima2 : Lasciatelo stare .","‎26 / 04 / 18 , 19 : 40 - SupportoVittima2 : Leave him alone.",Defense,Bystander_defender,False,False
B_2,316,"‎26 / 04 / 18 , 19 : 50 - SupportoVittima1 : Basta !","‎26 / 04 / 18 , 19 : 50 - SupportoVittima1 : Enough!",Defense,Bystander_defender,False,False
B_2,317,"‎26 / 04 / 18 , 19 : 50 - SupportoVittima1 : Ha fatto la cosa giusta punto","‎26 / 04 / 18 , 19 : 50 - SupportoVittima1 : He did the right thing.",Defense,Bystander_defender,False,False
B_2,318,"‎26 / 04 / 18 , 20 : 25 - SupportoBullo1 : Non è vero è solo un cretino spione secchione","‎26 / 04 / 18 , 20 : 25 - SupportoBullo1 : It's not true, he's just an idiot, a spy, a nerd.",Insult-General_Insult,Bystander_assistant,False,False
B_2,319,"‎26 / 04 / 18 , 20 : 33 - SupportoVittima2 : Avete rotto con sta storia .","‎26 / 04 / 18 , 20 : 33 - SupportoVittima2 : You have been bothering with this story.",Defense,Bystander_defender,False,False
B_2,321,"‎26 / 04 / 18 , 20 : 34 - SupportoVittima2 : Lasciatelo stare .","‎26 / 04 / 18 , 20 : 34 - SupportoVittima2 : Leave him alone.",Defense,Bystander_defender,False,False
B_2,324,"‎26 / 04 / 18 , 21 : 05 - SupportoVittima2 : Ma cosa c'entra lui ? Se verrete bocciati è colpa vostra . Solo colpa vostra .","‎26 / 04 / 18 , 21 : 05 - SupportoVittima2 : But what does he have to do with it? If you fail, it's your own fault . Only your fault.",Defense,Bystander_defender,False,False
B_2,326,"‎26 / 04 / 18 , 22 : 08 - SupportoVittima2 : Ha fatto bene","‎26 / 04 / 18 , 22 : 08 - SupportoVittima2 : He did the right thing",Defense,Bystander_defender,False,False
B_2,327,"‎26 / 04 / 18 , 22 : 10 - SupportoVittima1 : Parlavate tanto , di domani , che glie la fate pagare ma oggi non avete nemmeno avuto il coraggio di guardarlo in faccia . . . poverini mi fate pena","‎26 / 04 / 18 , 22 : 10 - SupportoVittima1 : You were talking so much about tomorrow, that you make him pay but today you didn't even have the courage to look him in the face . .. I feel bad for you poor guys.",Insult-General_Insult,Bystander_defender,False,False
B_2,329,"‎27 / 04 / 18 , 15 : 19 - SupportoBullo1 : Ma stai zitta che lo abbiamo minacciato anche oggi quel maiale","‎27 / 04 / 18 , 15 : 19 - SupportoBullo1 : shut up, we threatened that pig today too.",Insult-General_Insult,Bystander_assistant,False,False
B_2,329,"‎27 / 04 / 18 , 15 : 19 - SupportoBullo1 : Ma stai zitta che lo abbiamo minacciato anche oggi quel maiale","‎27 / 04 / 18 , 15 : 19 - SupportoBullo1 : shut up, we threatened that pig today too.",Insult-General_Insult,Bystander_assistant,False,False
B_2,329,"‎27 / 04 / 18 , 15 : 19 - SupportoBullo1 : Ma stai zitta che lo abbiamo minacciato anche oggi quel maiale","‎27 / 04 / 18 , 15 : 19 - SupportoBullo1 : shut up, we threatened that pig today too.",Curse_or_Exclusion,Bystander_assistant,False,False
B_2,329,"‎27 / 04 / 18 , 15 : 19 - SupportoBullo1 : Ma stai zitta che lo abbiamo minacciato anche oggi quel maiale","‎27 / 04 / 18 , 15 : 19 - SupportoBullo1 : shut up, we threatened that pig today too.",Curse_or_Exclusion,Bystander_assistant,False,False
B_2,330,"‎27 / 04 / 18 , 15 : 19 - SupportoBullo1 : &#128055;","‎27 / 04 / 18 , 15 : 19 - SupportoBullo1 : &#128055;",Insult-General_Insult,Bystander_assistant,False,False
B_2,332,"‎27 / 04 / 18 , 17 : 30 - Vittima : continuate a prendervela con me ma lo sappiamo tutti che avreste fatto lo stesso anche voi","‎27 / 04 / 18 , 17 : 30 - Vittima : you keep on taking it out on me, but we all know that you would have done the same.",Defense,Victim,False,False
