File,SentenceNumber,Sentence,EntityType,Role,Sarcasm,Non-Offensive
B_1,0,"â€24 / 04 / 18 , 13 : 53 - Bullo1 : Secchio . . . . Dovevi fare la spia . . . . . Sfigato",Insult-General_Insult,Harasser,False,False
B_1,1,"â€24 / 04 / 18 , 13 : 54 - Vittima : guarda che l'ho fatto per voi",Defense,Victim,False,False
B_1,3,"â€24 / 04 / 18 , 13 : 55 - Bullo1 : Brutto sfigato . . . . . Non me ne frega . . . . Fatti i c***i tuoi",Curse_or_Exclusion,Harasser,False,False
B_1,3,"â€24 / 04 / 18 , 13 : 55 - Bullo1 : Brutto sfigato . . . . . Non me ne frega . . . . Fatti i c***i tuoi",Insult-General_Insult,Harasser,False,False
B_1,4,"â€24 / 04 / 18 , 13 : 56 - SupportoVittima1 : GiÃ  , poi a scuola non si portano sigarette",Defense,Bystander_defender,False,False
B_1,6,"â€24 / 04 / 18 , 13 : 58 - Bullo1 : Appena ti becco fuori da scuola ! te la ficco in bocca la sigaretta",Threat_or_Blackmail,Harasser,False,False
B_1,7,"â€24 / 04 / 18 , 13 : 59 - Vittima : ma se non sai neanche accenderla",Defamation,Victim,False,False
B_1,8,"â€24 / 04 / 18 , 13 : 59 - Vittima : siete invidiosi perchÃ© vado bene a scuola , tutto qua",Defense,Victim,False,False
B_1,9,"â€24 / 04 / 18 , 14 : 00 - Bullo1 : Sei solo un secchio , non hai amici , e fai schifo ooooo ! ! ! ğŸ˜¡ ğŸ˜¡ ğŸ˜¡ ğŸ˜¡",Insult-General_Insult,Harasser,False,False
B_1,9,"â€24 / 04 / 18 , 14 : 00 - Bullo1 : Sei solo un secchio , non hai amici , e fai schifo ooooo ! ! ! ğŸ˜¡ ğŸ˜¡ ğŸ˜¡ ğŸ˜¡",Curse_or_Exclusion,Harasser,False,False
B_1,10,"â€24 / 04 / 18 , 14 : 00 - SupportoBullo1 : La smettete di prendere in giro Vittima",Defense,Bystander_defender,False,False
B_1,11,"â€24 / 04 / 18 , 14 : 02 - Bullo1 : Cosa vuoi tu non lo conosci nemmeno , siete tutti Ã¨ due sfigati cronici ğŸ˜‚ ğŸ¤“ ğŸ¤“ ğŸ¤“ ğŸ¤“ ğŸ¤“",Insult-General_Insult,Harasser,False,False
B_1,12,"â€24 / 04 / 18 , 14 : 02 - Vittima : non faccio schifo , ho solo detto la veritÃ  alla maestra",Defense,Victim,False,False
B_1,13,"â€24 / 04 / 18 , 14 : 02 - Vittima : ve lo meritate di perdere l'anno se vi comportate cosÃ¬",Defense,Victim,False,False
B_1,15,"â€24 / 04 / 18 , 14 : 12 - SupportoBullo1 : Avete rotto",Insult-General_Insult,Bystander_assistant,False,False
B_1,17,"â€24 / 04 / 18 , 14 : 14 - SupportoBullo1 : Vittima a detto solo la veritÃ ",Defense,Bystander_defender,False,False
B_1,18,"â€24 / 04 / 18 , 14 : 34 - SupportoBullo2 : Dovrebbe farsi gli affari suoi invece di ficcare sempre il naso negli affari degli altri se non vuole finire all'ospedale",Threat_or_Blackmail,Bystander_assistant,False,False
B_1,21,"â€24 / 04 / 18 , 14 : 37 - SupportoVittima1 : Vittima ha fatto solo la cosa giusta , smettetela ! !",Defense,Victim,False,False
B_1,23,"â€24 / 04 / 18 , 14 : 38 - SupportoBullo1 : Non sono affari tuoi",Curse_or_Exclusion,Bystander_assistant,False,False
B_1,25,"â€24 / 04 / 18 , 14 : 39 - SupportoVittima1 : Non Ã¨ colpa mia se avete portato delle sigarette a scuola",Defense,Victim,False,False
B_1,26,"â€24 / 04 / 18 , 14 : 39 - Vittima : potevate pensarci prima",Defense,Victim,False,False
B_1,27,"â€24 / 04 / 18 , 14 : 40 - SupportoBullo1 : Te nÃ© in porta spione",Insult-General_Insult,Bystander_assistant,False,False
B_1,28,"â€24 / 04 / 18 , 14 : 40 - SupportoBullo2 : Era solo per divertirci scema",Insult-General_Insult,Bystander_assistant,False,False
B_1,29,"â€24 / 04 / 18 , 14 : 41 - SupportoBullo1 : Ecco ai ragione",Encouragement_to_the_Harasser,Bystander_assistant,False,False
B_1,33,"â€24 / 04 / 18 , 14 : 43 - SupportoBullo2 : E allora ? ! Questi non sono affari tuoi",Curse_or_Exclusion,Bystander_assistant,False,False
B_1,34,"â€24 / 04 / 18 , 14 : 43 - SupportoBullo1 : Ecco continua cosÃ¬",Encouragement_to_the_Harasser,Bystander_assistant,False,False
B_1,36,"â€24 / 04 / 18 , 14 : 45 - SupportoVittima2 : Sei tu lo sfigaro ( Bullo1 ?",Insult-General_Insult,Bystander_assistant,False,False
B_1,39,"â€24 / 04 / 18 , 14 : 45 - SupportoVittima2 : Vittima ha fatto la cosa giusta",Defense,Bystander_assistant,False,False
B_1,40,"â€24 / 04 / 18 , 14 : 45 - Vittima : Grazie , sono solo invidiosi",Defense,Victim,False,False
B_1,41,"â€24 / 04 / 18 , 14 : 45 - Bullo1 : Ma stai zitta . . . Pure tu secchiona",Curse_or_Exclusion,Harasser,False,False
B_1,41,"â€24 / 04 / 18 , 14 : 45 - Bullo1 : Ma stai zitta . . . Pure tu secchiona",Insult-General_Insult,Harasser,False,False
B_1,43,"â€24 / 04 / 18 , 14 : 46 - Vittima : se lo meritano di perdere l'anno",Defense,Victim,False,False
B_1,45,"â€24 / 04 / 18 , 14 : 46 - SupportoVittima2 : E si",Defense,Bystander_defender,False,False
B_1,46,"â€24 / 04 / 18 , 14 : 46 - SupportoBullo2 : Ma zitto",Curse_or_Exclusion,Bystander_assistant,False,False
B_1,47,"â€24 / 04 / 18 , 14 : 46 - SupportoBullo2 : Taci , questi non sono affari tuoi",Curse_or_Exclusion,Bystander_assistant,False,False
B_1,48,"â€24 / 04 / 18 , 14 : 48 - Vittima : invece sÃ¬ che sono affari miei",Defense,Victim,False,False
B_1,49,"â€24 / 04 / 18 , 14 : 49 - SupportoBullo1 : No Non sono affari tuoi",Curse_or_Exclusion,Bystander_assistant,False,False
B_1,51,"â€24 / 04 / 18 , 14 : 52 - SupportoVittima2 : Volevo dire sfigato",Insult-General_Insult,Bystander_assistant,False,False
B_1,53,"â€24 / 04 / 18 , 14 : 53 - SupportoBullo1 : SupportoVittima2 stai zitta",Curse_or_Exclusion,Bystander_assistant,False,False
B_1,54,"â€24 / 04 / 18 , 14 : 56 - SupportoBullo2 : Sisi vedrai come diventeranno affari tuoi quando ti pesteremo",Threat_or_Blackmail,Bystander_assistant,False,False
B_1,55,"â€24 / 04 / 18 , 14 : 57 - SupportoBullo1 : Ti beccheremo fuori scuola",Threat_or_Blackmail,Bystander_assistant,False,False
B_1,56,"â€24 / 04 / 18 , 14 : 58 - SupportoBullo1 : SupportoVittima2 fatti i affari tuoi",Curse_or_Exclusion,Bystander_assistant,False,False
B_1,58,"â€24 / 04 / 18 , 14 : 58 - Vittima : dovreste studiare invece di offendermi",Defense,Victim,False,False
B_1,59,"â€24 / 04 / 18 , 15 : 00 - SupportoBullo1 : Io studio piÃ¹ di tÃ¨ , tu cosa studi , studi le parolacce perchÃ© non le sai",Defamation,Bystander_assistant,False,False
B_1,60,"â€24 / 04 / 18 , 15 : 03 - SupportoBullo2 : Eh giÃ ",Encouragement_to_the_Harasser,Bystander_assistant,False,False
B_1,61,"â€24 / 04 / 18 , 16 : 08 - Vittima : ma che ne sapete voi , sapete solo offendere",Defense,Victim,False,False
B_1,63,"â€24 / 04 / 18 , 16 : 09 - SupportoBullo2 : Si , per colpa tua marmocchio",Insult-General_Insult,Bystander_assistant,False,False
B_1,63,"â€24 / 04 / 18 , 16 : 09 - SupportoBullo2 : Si , per colpa tua marmocchio",Curse_or_Exclusion,Bystander_assistant,False,False
B_1,64,"â€24 / 04 / 18 , 16 : 11 - Vittima : esatto . cosÃ¬ la smettete di scrivere cose cattive sul mio conto",Defense,Victim,False,False
B_1,66,"â€24 / 04 / 18 , 16 : 30 - SupportoBullo1 : Anche noi faremo la spia",Threat_or_Blackmail,Bystander_assistant,False,False
B_1,67,"â€24 / 04 / 18 , 16 : 33 - SupportoBullo1 : Sapete perchÃ© Vittima a dei bei voti perchÃ© lui va a guardare le domande per essere capace a rispondere alle risposte delle verifiche",Defamation,Bystander_assistant,False,False
B_1,68,"â€24 / 04 / 18 , 16 : 38 - Vittima : non Ã¨ vero",Defense,Victim,False,False
B_1,71,"â€24 / 04 / 18 , 16 : 49 - SupportoVittima3 : Stai zitta SupportoBullo2",Curse_or_Exclusion,Bystander_defender,False,False
B_1,72,"â€24 / 04 / 18 , 16 : 50 - SupportoBullo2 : Ma tu che centri ? ! Nessuno ti ha interpellato",Curse_or_Exclusion,Bystander_assistant,False,False
B_1,73,"â€24 / 04 / 18 , 16 : 50 - Vittima : mi difende perchÃ© Ã¨ mia amica , mica come te che mi tratti sempre male",Defense,Victim,False,False
B_1,76,"â€24 / 04 / 18 , 16 : 51 - SupportoBullo2 : Io invidiosa di uno sfigato come te ? ! Ma fammi il favore",Insult-General_Insult,Bystander_assistant,False,False
B_1,79,"â€24 / 04 / 18 , 16 : 52 - Vittima : invece sÃ¬ , perchÃ© la prof mi stima",Defense,Victim,False,False
B_1,80,"â€24 / 04 / 18 , 16 : 52 - SupportoVittima3 : Dai SupportoBullo2 ammettilo che sei solo invidiosa",Defense,Bystander_defender,False,False
B_1,81,"â€24 / 04 / 18 , 16 : 53 - SupportoBullo2 : Sisi come no , non Ã© che ti stima , il punto Ã¨ che ti trova pure lei insopportabile e allora fa la carina solo perchÃ© non vuole sentirti",Defamation,Bystander_assistant,False,False
B_1,82,"â€24 / 04 / 18 , 16 : 54 - SupportoVittima3 : Ma cosa dicii ! !",Defense,Bystander_defender,False,False
B_1,83,"â€24 / 04 / 18 , 16 : 54 - SupportoBullo2 : Mamma mia guarda ogni giorno , soprattutto di lui che non lo guarda nessuno a scuola , invece qui fate i carini ma in realtÃ  a scuola non lo considerate nemmeno quindi . .",Curse_or_Exclusion,Bystander_assistant,False,False
B_1,86,"â€24 / 04 / 18 , 16 : 55 - SupportoBullo2 : Ahah che spiritoso , mi ricorderÃ² di questo quando saremo faccia a faccia",Insult-General_Insult,Bystander_assistant,True,False
B_1,86,"â€24 / 04 / 18 , 16 : 55 - SupportoBullo2 : Ahah che spiritoso , mi ricorderÃ² di questo quando saremo faccia a faccia",Threat_or_Blackmail,Bystander_assistant,True,False
B_1,87,"â€24 / 04 / 18 , 16 : 56 - SupportoVittima3 : Cosa credi di fare ! ! Ma zitta va che non sai altro che prendertela con i piÃ¹ deboliii ! !",Defense,Bystander_defender,False,False
B_1,87,"â€24 / 04 / 18 , 16 : 56 - SupportoVittima3 : Cosa credi di fare ! ! Ma zitta va che non sai altro che prendertela con i piÃ¹ deboliii ! !",Insult-General_Insult,Bystander_defender,False,False
B_1,87,"â€24 / 04 / 18 , 16 : 56 - SupportoVittima3 : Cosa credi di fare ! ! Ma zitta va che non sai altro che prendertela con i piÃ¹ deboliii ! !",Curse_or_Exclusion,Bystander_defender,False,False
B_1,88,"â€24 / 04 / 18 , 16 : 57 - SupportoBullo2 : Tipo un debole come Vittima e come te ?",Insult-General_Insult,Bystander_assistant,False,False
B_1,89,"â€24 / 04 / 18 , 16 : 58 - Vittima : debole che perÃ² vi fa sospendere . . .",Defense,Victim,False,False
B_1,90,"â€24 / 04 / 18 , 17 : 01 - SupportoBullo2 : Si per aver fatto la spia , nemmeno i bambini di 5 anni si vantano per una cosa del genere",Insult-General_Insult,Bystander_assistant,False,False
B_1,91,"â€24 / 04 / 18 , 17 : 17 - Vittima : Intanto voi sospesi e io prendo 10",Defense,Victim,False,False
B_1,92,"â€24 / 04 / 18 , 17 : 18 - SupportoBullo2 : Meglio essere sospesi piuttosto di vederti",Curse_or_Exclusion,Bystander_assistant,False,False
B_1,93,"â€24 / 04 / 18 , 17 : 43 - Vittima : Se continuate cosÃ¬ non mi vedete l'anno prossimo",Defense,Victim,False,False
B_1,95,"â€24 / 04 / 18 , 18 : 31 - SupportoBullo2 : Meglio , una faccia da culo in meno ğŸ˜˜",Insult-General_Insult,Bystander_assistant,False,False
B_1,96,"â€24 / 04 / 18 , 18 : 47 - SupportoBullo1 : Ai proprio ragione",Encouragement_to_the_Harasser,Bystander_assistant,False,False
B_1,97,"â€24 / 04 / 18 , 18 : 48 - SupportoBullo1 : Fai prima andartene ( ''spione'' ) ğŸ˜œ",Insult-General_Insult,Bystander_assistant,False,False
B_1,99,"â€24 / 04 / 18 , 19 : 34 - Vittima : Ma non mi vedrete perchÃ© perdete voi un anno",Defense,Victim,False,False
B_1,100,"â€24 / 04 / 18 , 19 : 35 - SupportoVittima1 : GiÃ ",Defense,Bystander_defender,False,False
B_1,101,"â€24 / 04 / 18 , 20 : 50 - SupportoBullo2 : Sempre meglio che stare in classe con uno come te",Curse_or_Exclusion,Bystander_assistant,False,False
B_1,102,"â€24 / 04 / 18 , 20 : 51 - SupportoBullo2 : Ma tu cosa centri ? Qualcuno ha chiesto la tua opinione ? ! No , quindi taci . .",Curse_or_Exclusion,Bystander_assistant,False,False
B_1,103,"â€24 / 04 / 18 , 20 : 52 - SupportoVittima2 : No ti sbagli Ã¨ lui a essere fortunato pk non ti vede",Defense,Bystander_defender,False,False
B_1,105,"â€24 / 04 / 18 , 20 : 53 - SupportoVittima2 : Taci tu , lei ha ragione",Defense,Bystander_defender,False,False
B_1,105,"â€24 / 04 / 18 , 20 : 53 - SupportoVittima2 : Taci tu , lei ha ragione",Curse_or_Exclusion,Bystander_defender,False,False
B_1,106,"â€24 / 04 / 18 , 20 : 53 - SupportoBullo2 : MadÃ² qui tutti che si intromettono , una vita non cela avete ? !",Curse_or_Exclusion,Bystander_assistant,False,False
B_1,115,"â€24 / 04 / 18 , 20 : 56 - SupportoBullo2 : Oddio ora che copia le battute , che bambina",Insult-General_Insult,Bystander_assistant,False,False
B_1,121,"â€24 / 04 / 18 , 20 : 59 - SupportoBullo1 : Cosa dici sfigata",Insult-General_Insult,Bystander_assistant,False,False
B_1,122,"â€24 / 04 / 18 , 20 : 59 - SupportoVittima2 : Sono pure piÃº simpatica di te cosa vai a dire",Defense,Bystander_defender,False,False
B_1,123,"â€24 / 04 / 18 , 21 : 00 - SupportoBullo1 : Ma vai a casa",Curse_or_Exclusion,Bystander_assistant,False,False
B_1,124,"â€24 / 04 / 18 , 21 : 00 - SupportoVittima3 : Stai zitto SupportoBullo1",Curse_or_Exclusion,Bystander_defender,False,False
B_1,128,"â€24 / 04 / 18 , 21 : 01 - SupportoBullo1 : SupportoVittima3 stai zitta",Curse_or_Exclusion,Bystander_assistant,False,False
B_1,132,"â€24 / 04 / 18 , 21 : 02 - SupportoBullo1 : SupportoVittima2 stai zitto",Curse_or_Exclusion,Bystander_assistant,False,False
B_1,133,"â€24 / 04 / 18 , 21 : 06 - SupportoVittima2 : ğŸ’©",Insult-General_Insult,Bystander_defender,False,False
B_1,134,"â€24 / 04 / 18 , 21 : 06 - SupportoBullo1 : Ma tu sei giÃ  una ğŸ’©",Insult-General_Insult,Bystander_assistant,False,False
B_1,146,"â€24 / 04 / 18 , 21 : 10 - SupportoVittima2 : E se ci foste voi al suo posto",Defense,Bystander_defender,False,False
B_1,149,"â€24 / 04 / 18 , 21 : 14 - SupportoBullo2 : Se l'Ã© cercata",Other,Bystander_assistant,False,False
B_1,150,"â€24 / 04 / 18 , 21 : 14 - SupportoVittima3 : ZITTA",Curse_or_Exclusion,Bystander_defender,False,False
B_1,151,"â€24 / 04 / 18 , 21 : 14 - SupportoVittima2 : SI ZITTA",Curse_or_Exclusion,Bystander_defender,False,False
B_1,152,"â€24 / 04 / 18 , 21 : 14 - SupportoVittima2 : lui ha fatto solo bene",Defense,Bystander_defender,False,False
B_1,155,"â€24 / 04 / 18 , 21 : 16 - SupportoVittima2 : Parla lei , che ha il cervello piÃº piccolo di una noce . Anzi non ce lo hai manco",Insult-General_Insult,Bystander_assistant,False,False
B_1,157,"â€24 / 04 / 18 , 21 : 17 - SupportoBullo2 : Ah sÃ¬ ? Non so vogliamo parlare di te ? ! Che se una persona ti dice qualcosa rimbalza nella tua testa vuota per 3 settimane . . .",Insult-General_Insult,Bystander_assistant,False,False
B_1,163,"â€24 / 04 / 18 , 21 : 19 - SupportoBullo1 : Hai rotto",Insult-General_Insult,Bystander_assistant,False,False
B_1,164,"â€24 / 04 / 18 , 21 : 20 - SupportoBullo1 : Testa vuota",Insult-General_Insult,Bystander_assistant,False,False
B_1,165,"â€24 / 04 / 18 , 21 : 20 - SupportoVittima2 : Tu caso mai",Insult-General_Insult,Bystander_defender,False,False
B_1,166,"â€24 / 04 / 18 , 21 : 20 - SupportoVittima2 : Nella tua testa vuota gira solo l'invidia",Insult-General_Insult,Bystander_defender,False,False
B_1,167,"â€24 / 04 / 18 , 21 : 20 - SupportoVittima2 : Solo pk lui Ã¨ inteligente e tu no",Defense,Bystander_defender,False,False
B_1,169,"â€24 / 04 / 18 , 21 : 21 - SupportoBullo1 : Parla la piÃ¹ magra della classe ğŸ™‚",Insult-BodyShame,Bystander_assistant,True,False
B_1,170,"â€24 / 04 / 18 , 21 : 21 - SupportoVittima2 : O che vuoi dire",Defense,Bystander_defender,False,False
B_1,171,"â€24 / 04 / 18 , 21 : 21 - SupportoVittima2 : Che centra",Defense,Bystander_defender,False,False
B_1,173,"â€24 / 04 / 18 , 21 : 21 - SupportoVittima2 : Buon per me se sono mahra",Defense,Bystander_defender,False,False
B_1,183,"â€24 / 04 / 18 , 21 : 28 - SupportoBullo2 : SarÃ  sicuramente andato a spifferare tutto ai suoi genitori lamentandosi come un bambino viziato",Defamation,Bystander_assistant,False,False
B_1,184,"â€25 / 04 / 18 , 09 : 53 - Bullo1 : Infatti Ã¨ un gatto aggrappato alle palle ğŸ˜‚ ğŸ˜‚ ğŸ¤“ ğŸ¤“",Insult-General_Insult,Harasser,False,False
B_1,185,"â€25 / 04 / 18 , 09 : 53 - SupportoBullo1 : Ai perfettamente ragione",Encouragement_to_the_Harasser,Bystander_assistant,False,False
B_1,188,"â€25 / 04 / 18 , 09 : 54 - SupportoBullo1 : Ma stai li",Curse_or_Exclusion,Bystander_assistant,False,False
B_1,193,"â€25 / 04 / 18 , 09 : 55 - Bullo1 : Ma stai zitta . . . .",Curse_or_Exclusion,Harasser,False,False
B_1,194,"â€25 / 04 / 18 , 09 : 55 - SupportoBullo1 : Grande",Encouragement_to_the_Harasser,Bystander_assistant,False,False
B_1,195,"â€25 / 04 / 18 , 09 : 55 - SupportoVittima2 : Ma stai zitto tu",Curse_or_Exclusion,Bystander_defender,False,False
B_1,196,"â€25 / 04 / 18 , 09 : 56 - SupportoBullo1 : Tu devi stare zitta",Curse_or_Exclusion,Bystander_assistant,False,False
B_1,197,"â€25 / 04 / 18 , 09 : 56 - SupportoBullo2 : Wow e Vittima dove Ã© andato a finire ? Si lascia difendere da voi , ma intanto non scrive pk se la fa sotto dalla paura",Defamation,Bystander_assistant,False,False
B_1,198,"â€25 / 04 / 18 , 09 : 57 - SupportoBullo1 : Si",Encouragement_to_the_Harasser,Bystander_assistant,False,False
B_1,199,"â€25 / 04 / 18 , 09 : 57 - SupportoBullo1 : Infatti",Encouragement_to_the_Harasser,Bystander_assistant,False,False
B_1,201,"â€25 / 04 / 18 , 09 : 59 - SupportoVittima2 : No non lo farÃ  mai io mi fido di lui e lo conosco molto bene",Defense,Bystander_defender,False,False
B_1,202,"â€25 / 04 / 18 , 10 : 00 - SupportoVittima2 : Non farebbe mai qualcosa ai suoi amici",Defense,Bystander_defender,False,False
B_1,212,"â€25 / 04 / 18 , 10 : 03 - SupportoBullo2 : Ah si lo conosci molto bene ? Allora pk in classe nessuno lo considera e adesso vi mettete in testa che sia uno dei vostri migliori amici ? ! Facendo cosÃ¬ vi sentite piÃ¹ forti ? PiÃ¹ caritatevoli ? Ricordate perÃ² che state difendendo una persona che ha fatto la spia su una cazzata che non gli riguardava , quindi state attenti pk quella Ã¨ la sua vera natura",Curse_or_Exclusion,Bystander_assistant,False,False
B_1,212,"â€25 / 04 / 18 , 10 : 03 - SupportoBullo2 : Ah si lo conosci molto bene ? Allora pk in classe nessuno lo considera e adesso vi mettete in testa che sia uno dei vostri migliori amici ? ! Facendo cosÃ¬ vi sentite piÃ¹ forti ? PiÃ¹ caritatevoli ? Ricordate perÃ² che state difendendo una persona che ha fatto la spia su una cazzata che non gli riguardava , quindi state attenti pk quella Ã¨ la sua vera natura",Defamation,Bystander_assistant,False,False
B_1,213,"â€25 / 04 / 18 , 10 : 03 - SupportoBullo1 : Inffati",Encouragement_to_the_Harasser,Bystander_assistant,False,False
B_1,214,"â€25 / 04 / 18 , 10 : 29 - SupportoBullo1 : SupportoVittima2 lo sai che Vittima e andato a spifferare che tu prendi brutti voti in inglese",Defamation,Bystander_assistant,False,False
B_1,215,"â€25 / 04 / 18 , 10 : 39 - Vittima : Io non ho fatto la spia , ho solo detto la veritÃ  alla prof perchÃ© non mi sembra il caso di portare le sigarette a scuola",Defense,Victim,False,False
B_1,217,"â€25 / 04 / 18 , 10 : 39 - SupportoBullo1 : Ma stai zitto",Curse_or_Exclusion,Bystander_assistant,False,False
B_1,218,"â€25 / 04 / 18 , 10 : 39 - Vittima : I vostri insulti mi fanno male , ma tanto l'anno prossimo non ci vediamo",Defense,Victim,False,False
B_1,220,"â€25 / 04 / 18 , 10 : 40 - SupportoBullo1 : Stai zitto",Curse_or_Exclusion,Bystander_assistant,False,False
B_1,224,"â€25 / 04 / 18 , 10 : 41 - SupportoBullo1 : Ma chi te la chiesto",Curse_or_Exclusion,Bystander_assistant,False,False
B_1,225,"â€25 / 04 / 18 , 10 : 41 - SupportoVittima2 : Ooooo non mi deve dire tu quando ridere",Defense,Bystander_defender,False,False
B_1,226,"â€25 / 04 / 18 , 10 : 42 - SupportoBullo1 : Ma stai zitta",Curse_or_Exclusion,Bystander_assistant,False,False
B_1,227,"â€25 / 04 / 18 , 10 : 43 - SupportoBullo1 : Ma stai zitta mister ( Non sufficiente )",Curse_or_Exclusion,Bystander_assistant,False,False
B_1,228,"â€25 / 04 / 18 , 10 : 53 - SupportoBullo2 : Non sono affari tuoi , dovevi stare zitto , a te cosa ti cambia se portiamo le sigarette ? ! Forse sei solo invidioso pk noi siamo popolari e tu no , e quindi ci metti nei guai solo per questo , pk ti senti escluso e cmq c'era anche una sigaretta per te se volevi",Curse_or_Exclusion,Bystander_assistant,False,False
B_1,230,"â€26 / 04 / 18 , 16 : 03 - SupportoVittima1 : GiÃ  , fumare fa male alla salute e a scuola poi . . . Bravo Vittima , speriamo che lo capiscano che hai fatto la cosa giusta",Defense,Bystander_defender,False,False
B_1,234,"â€26 / 04 / 18 , 16 : 36 - SupportoVittima2 : Non ascolatre quei bulli sono solo invidiosi",Defense,Bystander_defender,False,False
B_1,237,"â€26 / 04 / 18 , 16 : 41 - SupportoBullo2 : Ma di chi ? ! Di quello lÃ  ? ! Ma fammi il favore che non me ne faccio niente di uno sfigato come lui !",Insult-General_Insult,Bystander_assistant,False,False
B_2,0,"â€24 / 04 / 18 , 17 : 12 - Bullo1 : Bravo",Insult-General_Insult,Harasser,True,False
B_2,2,"â€24 / 04 / 18 , 17 : 12 - Bullo1 : Sai sei bravissimo ad fare la spia",Insult-General_Insult,Harasser,False,False
B_2,3,"â€24 / 04 / 18 , 17 : 12 - SupportoBullo2 : Esatto spione !",Insult-General_Insult,Bystander_assistant,False,False
B_2,4,"â€24 / 04 / 18 , 17 : 13 - SupportoVittima1 : Senti ha fatto bene a dire tutto alla prof",Defense,Bystander_defender,False,False
B_2,6,"â€24 / 04 / 18 , 17 : 13 - Bullo1 : Ok ma sono affari nostri",Defense,Harasser,False,False
B_2,8,"â€24 / 04 / 18 , 17 : 13 - SupportoVittima2 : Ha fatto quello che doveba fare",Defense,Bystander_defender,False,False
B_2,10,"â€24 / 04 / 18 , 17 : 13 - SupportoVittima2 : Ha fatto bene a dire tutto alla prof .",Defense,Bystander_defender,False,False
B_2,11,"â€24 / 04 / 18 , 17 : 13 - SupportoVittima1 : L â€™ avrei fatto anche io ! Ha fatto la cosa giusta !",Defense,Bystander_defender,False,False
B_2,12,"â€24 / 04 / 18 , 17 : 13 - Bullo1 : Ma levati che quello la non sa fare altro solo rompere",Insult-General_Insult,Harasser,False,False
B_2,13,"â€24 / 04 / 18 , 17 : 13 - SupportoBullo2 : Esatto non sono affari vostri spioni",Curse_or_Exclusion,Bystander_assistant,False,False
B_2,13,"â€24 / 04 / 18 , 17 : 13 - SupportoBullo2 : Esatto non sono affari vostri spioni",Insult-General_Insult,Bystander_assistant,False,False
B_2,14,"â€24 / 04 / 18 , 17 : 14 - SupportoVittima1 : Tu stai zitta",Curse_or_Exclusion,Bystander_defender,False,False
B_2,15,"â€24 / 04 / 18 , 17 : 14 - SupportoVittima2 : Lasciatelo stare .",Defense,Bystander_defender,False,False
B_2,17,"â€24 / 04 / 18 , 17 : 14 - Bullo1 : Non dire zitta alla mia amica",Defense,Harasser,False,False
B_2,20,"â€24 / 04 / 18 , 17 : 14 - SupportoVittima1 : Faccio quel cavolo che mi pare",Defense,Bystander_defender,False,False
B_2,23,"â€24 / 04 / 18 , 17 : 14 - SupportoVittima2 : Deve stare zitta",Curse_or_Exclusion,Bystander_defender,False,False
B_2,25,"â€24 / 04 / 18 , 17 : 14 - Bullo1 : Ma tua mamma sta zitta",Insult-Attacking_relatives,Harasser,False,False
B_2,26,"â€24 / 04 / 18 , 17 : 14 - SupportoBullo2 : Sapete soltanto fare la spia pk siete i cocchi dei prof spioniiii",Insult-General_Insult,Bystander_assistant,False,False
B_2,27,"â€24 / 04 / 18 , 17 : 14 - SupportoVittima1 : Bullo1 nessuno ti ha detto di parlare",Curse_or_Exclusion,Harasser,False,False
B_2,31,"â€24 / 04 / 18 , 17 : 15 - SupportoVittima2 : L'unico che deve chiudere la bocca qui Ã¨ lui .",Curse_or_Exclusion,Bystander_defender,False,False
B_2,34,"â€24 / 04 / 18 , 17 : 15 - SupportoVittima2 : Lasciate stare Vittima",Defense,Bystander_defender,False,False
B_2,35,"â€24 / 04 / 18 , 17 : 15 - Bullo1 : Ooo poverino",Other,Harasser,True,False
B_2,36,"â€24 / 04 / 18 , 17 : 16 - SupportoVittima2 : Lascialo stare !",Defense,Bystander_defender,False,False
B_2,39,"â€24 / 04 / 18 , 17 : 16 - SupportoBullo2 : Ma state zitti . . . i sapientoni li fate voi",Curse_or_Exclusion,Bystander_assistant,False,False
B_2,40,"â€24 / 04 / 18 , 17 : 16 - SupportoVittima2 : State zitti tossici del cavolo",Insult-General_Insult,Bystander_defender,False,False
B_2,40,"â€24 / 04 / 18 , 17 : 16 - SupportoVittima2 : State zitti tossici del cavolo",Curse_or_Exclusion,Bystander_defender,False,False
B_2,43,"â€24 / 04 / 18 , 17 : 16 - Bullo1 : Chiedi a tua sorella se non so fare altro",Insult-Attacking_relatives,Harasser,False,False
B_2,44,"â€24 / 04 / 18 , 17 : 17 - SupportoBullo1 : Ãˆ tu sai solo parlare quando non serve !",Insult-General_Insult,Bystander_assistant,False,False
B_2,45,"â€24 / 04 / 18 , 17 : 17 - SupportoBullo2 : Stai zitta tu cocca della prof",Insult-General_Insult,Bystander_assistant,False,False
B_2,45,"â€24 / 04 / 18 , 17 : 17 - SupportoBullo2 : Stai zitta tu cocca della prof",Curse_or_Exclusion,Bystander_assistant,False,False
B_2,47,"â€24 / 04 / 18 , 17 : 17 - SupportoVittima1 : Quelli che ci fanno la figura degli idioti siete voi !",Insult-General_Insult,Bystander_defender,False,False
B_2,49,"â€24 / 04 / 18 , 17 : 17 - SupportoVittima2 : Io parlo quando mi pare e piace",Defense,Bystander_defender,False,False
B_2,50,"â€24 / 04 / 18 , 17 : 18 - SupportoVittima1 : Ma che cavolo vuoi vai via",Defense,Bystander_defender,False,False
B_2,50,"â€24 / 04 / 18 , 17 : 18 - SupportoVittima1 : Ma che cavolo vuoi vai via",Curse_or_Exclusion,Bystander_defender,False,False
B_2,51,"â€24 / 04 / 18 , 17 : 18 - Bullo1 : A si noi la facciamo per questa volta ma voi siete idioti a prescindere",Insult-General_Insult,Harasser,False,False
B_2,52,"â€24 / 04 / 18 , 17 : 18 - SupportoBullo1 : Esatto",Encouragement_to_the_Harasser,Bystander_assistant,False,False
B_2,53,"â€24 / 04 / 18 , 17 : 18 - SupportoBullo2 : Vaiii grande",Encouragement_to_the_Harasser,Bystander_assistant,False,False
B_2,54,"â€24 / 04 / 18 , 17 : 18 - SupportoVittima1 : Noi supereremo l â€™ anno voi no !",Defense,Bystander_defender,False,False
B_2,60,"â€24 / 04 / 18 , 17 : 19 - SupportoBullo2 : Esatto quindi state zitti",Curse_or_Exclusion,Bystander_assistant,False,False
B_2,61,"â€24 / 04 / 18 , 17 : 19 - SupportoVittima2 : Sono messa meglio di te tesorooo",Defense,Bystander_defender,False,False
B_2,63,"â€24 / 04 / 18 , 17 : 19 - Bullo1 : Io a te ti spacco di schiaffi",Threat_or_Blackmail,Harasser,False,False
B_2,65,"â€24 / 04 / 18 , 17 : 19 - SupportoVittima1 : Ma secondo te se dei compagni portano delle sigarette a scuola vengono premiati ? La coerenza ragazzina",Insult-General_Insult,Bystander_defender,False,False
B_2,71,"â€24 / 04 / 18 , 17 : 20 - SupportoVittima2 : Siete solo dei bambini",Defense,Bystander_defender,False,False
B_2,73,"â€24 / 04 / 18 , 17 : 21 - SupportoVittima2 : Non ho come padre uno come te . Mi farebbe solo schifo",Defense,Bystander_defender,False,False
B_2,73,"â€24 / 04 / 18 , 17 : 21 - SupportoVittima2 : Non ho come padre uno come te . Mi farebbe solo schifo",Insult-General_Insult,Bystander_defender,False,False
B_2,74,"â€24 / 04 / 18 , 17 : 21 - SupportoBullo1 : Ma tu fai schifo !",Insult-General_Insult,Bystander_assistant,False,False
B_2,75,"â€24 / 04 / 18 , 17 : 21 - SupportoBullo2 : Anche tu lo sei . . . sei piÃ¹ bambina di tutti BAMBOCCIA",Insult-General_Insult,Bystander_assistant,False,False
B_2,77,"â€24 / 04 / 18 , 17 : 21 - SupportoVittima2 : Bamboccia sei u",Insult-General_Insult,Bystander_defender,False,False
B_2,80,"â€24 / 04 / 18 , 17 : 22 - SupportoBullo2 : Impara a scrivere prima grazie",Insult-General_Insult,Bystander_assistant,False,False
B_2,81,"â€24 / 04 / 18 , 17 : 22 - SupportoVittima2 : Parla quello che rompe gli specchi",Insult-BodyShame,Bystander_defender,False,False
B_2,85,"â€24 / 04 / 18 , 17 : 22 - SupportoVittima2 : Lasciate stare Vittima .",Defense,Bystander_defender,False,False
B_2,86,"â€24 / 04 / 18 , 17 : 22 - SupportoVittima2 : Ha fatto la cosa giusta .",Defense,Bystander_defender,False,False
B_2,87,"â€24 / 04 / 18 , 17 : 23 - SupportoBullo2 : Dai dai state zitti idioti",Insult-General_Insult,Bystander_assistant,False,False
B_2,87,"â€24 / 04 / 18 , 17 : 23 - SupportoBullo2 : Dai dai state zitti idioti",Curse_or_Exclusion,Bystander_assistant,False,False
B_2,88,"â€24 / 04 / 18 , 17 : 23 - SupportoVittima2 : Idioti ?",Defense,Bystander_defender,False,False
B_2,89,"â€24 / 04 / 18 , 17 : 23 - SupportoVittima2 : Ma chiudi la boccaa",Curse_or_Exclusion,Bystander_defender,False,False
B_2,90,"â€24 / 04 / 18 , 17 : 23 - Bullo1 : Cela vediamo dopo perceh ho una vita spciale IO",Threat_or_Blackmail,Harasser,False,False
B_2,91,"â€24 / 04 / 18 , 17 : 24 - SupportoVittima2 : Scusa se ti facciamo perdere tempo Tossico .",Insult-General_Insult,Bystander_defender,False,False
B_2,92,"â€24 / 04 / 18 , 17 : 24 - SupportoBullo2 : Tossica sarai tu ok ? ?",Insult-General_Insult,Bystander_assistant,False,False
B_2,94,"â€24 / 04 / 18 , 17 : 26 - SupportoBullo2 : Stai zitta cretina che a te ti importa solo della scuola che stai tutto il giorno davanti ai libri SECCHIONA",Insult-General_Insult,Bystander_assistant,False,False
B_2,94,"â€24 / 04 / 18 , 17 : 26 - SupportoBullo2 : Stai zitta cretina che a te ti importa solo della scuola che stai tutto il giorno davanti ai libri SECCHIONA",Curse_or_Exclusion,Bystander_assistant,False,False
B_2,95,"â€24 / 04 / 18 , 17 : 26 - Bullo1 : Ti infilero i denti cosi infondo per la gola i denti che ti toccera usare lo spazzolino per il culo per tirarli fuori",Threat_or_Blackmail,Harasser,False,False
B_2,96,"â€24 / 04 / 18 , 17 : 26 - SupportoVittima2 : Sono superiore a voi . Non perdo tempo a fumare",Defense,Bystander_defender,False,False
B_2,97,"â€24 / 04 / 18 , 17 : 26 - SupportoVittima2 : Che paura . . ğŸ˜‚",Defense,Bystander_defender,True,False
B_2,98,"â€24 / 04 / 18 , 17 : 26 - SupportoVittima2 : Mi fai solo ridere",Defense,Bystander_defender,False,False
B_2,100,"â€24 / 04 / 18 , 17 : 27 - SupportoBullo1 : Secchiona ! !",Insult-General_Insult,Bystander_assistant,False,False
B_2,101,"â€24 / 04 / 18 , 17 : 27 - SupportoVittima2 : Taci",Curse_or_Exclusion,Bystander_defender,False,False
B_2,102,"â€24 / 04 / 18 , 17 : 27 - SupportoBullo2 : Ma taci tu idiota",Curse_or_Exclusion,Bystander_assistant,False,False
B_2,102,"â€24 / 04 / 18 , 17 : 27 - SupportoBullo2 : Ma taci tu idiota",Insult-General_Insult,Bystander_assistant,False,False
B_2,103,"â€24 / 04 / 18 , 17 : 27 - SupportoVittima2 : Siete dei bulletti di merda .",Insult-General_Insult,Bystander_defender,False,False
B_2,105,"â€24 / 04 / 18 , 17 : 27 - Bullo1 : Ooo scusa ho usato pare troppo pesanti i bimbi poi si traumatizzato",Insult-General_Insult,Harasser,True,False
B_2,107,"â€24 / 04 / 18 , 17 : 28 - SupportoVittima2 : Ahah non fai ridere .",Defense,Bystander_defender,False,False
B_2,108,"â€24 / 04 / 18 , 17 : 28 - SupportoVittima2 : Galletto",Insult-General_Insult,Bystander_defender,False,False
B_2,109,"â€24 / 04 / 18 , 17 : 28 - SupportoBullo1 : Tacchinardi spiumata",Insult-General_Insult,Bystander_assistant,False,False
B_2,110,"â€24 / 04 / 18 , 17 : 28 - SupportoBullo1 : Tacchina",Insult-General_Insult,Bystander_assistant,False,False
B_2,111,"â€24 / 04 / 18 , 17 : 28 - Bullo1 : Infatti le battute di tua mamma fanno ridere",Insult-Attacking_relatives,Harasser,False,False
B_2,112,"â€24 / 04 / 18 , 17 : 29 - SupportoVittima2 : Gallina fritta",Insult-General_Insult,Bystander_defender,False,False
B_2,113,"â€24 / 04 / 18 , 17 : 29 - Bullo1 : âš« la tua faccia dipo che ti avrÃ² messo le mani afdosso",Threat_or_Blackmail,Harasser,False,False
B_2,114,"â€24 / 04 / 18 , 17 : 29 - SupportoBullo2 : E tu una secchiona di merda tutto qua ğŸ’© ğŸ¤“",Insult-General_Insult,Bystander_assistant,False,False
B_2,114,"â€24 / 04 / 18 , 17 : 29 - SupportoBullo2 : E tu una secchiona di merda tutto qua ğŸ’© ğŸ¤“",Insult-BodyShame,Bystander_assistant,False,False
B_2,115,"â€24 / 04 / 18 , 17 : 29 - SupportoVittima2 : Mi sto cagando in mano guarda ahahahaha",Defense,Bystander_defender,True,False
B_2,116,"â€24 / 04 / 18 , 17 : 29 - SupportoVittima2 : Meglio secchia che merda ğŸ¤·â€â™€",Defense,Bystander_defender,False,False
B_2,118,"â€24 / 04 / 18 , 17 : 30 - Bullo1 : Per quanto sei cessa credevo che ti cagassi in bocca",Insult-BodyShame,Harasser,False,False
B_2,119,"â€24 / 04 / 18 , 17 : 31 - SupportoBullo2 : Sta zitta che ogni volta che mi tocchi mi sporchi",Curse_or_Exclusion,Bystander_assistant,False,False
B_2,119,"â€24 / 04 / 18 , 17 : 31 - SupportoBullo2 : Sta zitta che ogni volta che mi tocchi mi sporchi",Insult-General_Insult,Bystander_assistant,False,False
B_2,120,"â€24 / 04 / 18 , 17 : 31 - SupportoVittima2 : Cago in bocca a te bidone",Threat_or_Blackmail,Bystander_defender,False,False
B_2,120,"â€24 / 04 / 18 , 17 : 31 - SupportoVittima2 : Cago in bocca a te bidone",Insult-BodyShame,Bystander_defender,False,False
B_2,121,"â€24 / 04 / 18 , 17 : 31 - SupportoBullo2 : Bidone sarai te",Defense,Bystander_assistant,False,False
B_2,122,"â€24 / 04 / 18 , 17 : 31 - SupportoBullo1 : Meglio essere bidoni che secchioni",Insult-General_Insult,Bystander_assistant,False,False
B_2,123,"â€24 / 04 / 18 , 17 : 32 - SupportoVittima2 : Non penso proprio",Defense,Bystander_defender,False,False
B_2,125,"â€24 / 04 / 18 , 17 : 32 - Bullo1 : Dai raga poveri bimbi",Insult-General_Insult,Harasser,True,False
B_2,128,"â€24 / 04 / 18 , 17 : 33 - SupportoVittima2 : Non sapete niente . Rischiate l'anno per fumare . .",Defense,Bystander_defender,False,False
B_2,130,"â€24 / 04 / 18 , 17 : 33 - SupportoVittima2 : Mi fate ridere giuro",Defense,Bystander_defender,False,False
B_2,137,"â€24 / 04 / 18 , 17 : 34 - SupportoVittima2 : Vai a fumare vah",Curse_or_Exclusion,Bystander_defender,False,False
B_2,140,"â€24 / 04 / 18 , 17 : 35 - SupportoBullo2 : Ma stai zitta che almeno lui fa qualcosa non come te che stai tutto il giorno a studiare",Curse_or_Exclusion,Bystander_assistant,False,False
B_2,145,"â€24 / 04 / 18 , 17 : 35 - SupportoVittima2 : Meglio studiare che rovinarsi la vita !",Defense,Bystander_defender,False,False
B_2,146,"â€24 / 04 / 18 , 17 : 35 - SupportoBullo1 : Che simpatica",Insult-General_Insult,Bystander_assistant,True,False
B_2,148,"â€24 / 04 / 18 , 17 : 36 - SupportoBullo1 : Sembri un registratore rotto ! !",Insult-General_Insult,Bystander_assistant,False,False
B_2,149,"â€24 / 04 / 18 , 17 : 36 - SupportoVittima2 : Siete simpatici come dei calli sotto i piedi .",Insult-General_Insult,Bystander_defender,False,False
B_2,150,"â€24 / 04 / 18 , 17 : 36 - SupportoVittima2 : E inutili come i rotoli di carta igienica finita",Insult-General_Insult,Bystander_defender,False,False
B_2,151,"â€24 / 04 / 18 , 17 : 36 - SupportoBullo1 : Ãˆ tu come una buffa sulla mano",Insult-General_Insult,Bystander_assistant,False,False
B_2,152,"â€24 / 04 / 18 , 17 : 37 - SupportoVittima2 : Scusa se ti infastidisco",Other,Bystander_defender,True,False
B_2,158,"â€24 / 04 / 18 , 17 : 38 - Bullo1 : SÃ¬ sono tossico E infatti sono dipendente da tua madre",Insult-Attacking_relatives,Harasser,False,False
B_2,159,"â€24 / 04 / 18 , 17 : 38 - SupportoVittima2 : Mia madre punta in alto . Non alle merda nel sottosuolo",Defense,Bystander_defender,False,False
B_2,159,"â€24 / 04 / 18 , 17 : 38 - SupportoVittima2 : Mia madre punta in alto . Non alle merda nel sottosuolo",Insult-General_Insult,Bystander_defender,False,False
B_2,161,"â€24 / 04 / 18 , 17 : 39 - Bullo1 : SÃ¬ tua madre si mette in ginocchio poi punta in alto con le mani per prendermi le palle",Insult-Attacking_relatives,Harasser,False,False
B_2,165,"â€24 / 04 / 18 , 17 : 42 - SupportoVittima2 : Basta chiedere a tua mamma .",Insult-Attacking_relatives,Bystander_defender,False,False
B_2,166,"â€24 / 04 / 18 , 17 : 43 - SupportoBullo1 : Cmq resta il fatto che Vittima Ã¨ uno spione",Insult-General_Insult,Bystander_assistant,False,False
B_2,167,"â€24 / 04 / 18 , 17 : 43 - SupportoVittima2 : Non lo Ã¨ !",Defense,Bystander_defender,False,False
B_2,168,"â€24 / 04 / 18 , 17 : 43 - SupportoVittima2 : Lasciatelo stare .",Defense,Bystander_defender,False,False
B_2,169,"â€24 / 04 / 18 , 17 : 43 - SupportoVittima2 : Ha fatto la cosa giusta",Defense,Bystander_defender,False,False
B_2,170,"â€24 / 04 / 18 , 17 : 43 - SupportoVittima2 : Ve lo siete meritato",Defense,Bystander_defender,False,False
B_2,171,"â€24 / 04 / 18 , 18 : 51 - Vittima : Ma cosa volete da me ?",Defense,Victim,False,False
B_2,172,"â€24 / 04 / 18 , 18 : 51 - Vittima : Ho solo detto quello che ho visto . Non voglio mica passarci io per le cose che fanno gli altri ! ! ! !",Defense,Victim,False,False
B_2,173,"â€24 / 04 / 18 , 18 : 52 - SupportoVittima2 : Esatto",Defense,Bystander_defender,False,False
B_2,174,"â€24 / 04 / 18 , 18 : 56 - SupportoVittima1 : Infatti non rompete tossici . . .",Insult-General_Insult,Bystander_defender,False,False
B_2,175,"â€24 / 04 / 18 , 20 : 09 - SupportoBullo1 : Ma state zitti secchi / bidoni",Insult-BodyShame,Bystander_assistant,False,False
B_2,175,"â€24 / 04 / 18 , 20 : 09 - SupportoBullo1 : Ma state zitti secchi / bidoni",Curse_or_Exclusion,Bystander_assistant,False,False
B_2,176,"â€24 / 04 / 18 , 20 : 10 - SupportoVittima2 : Ma chiudi la bocca tacchino",Insult-General_Insult,Bystander_defender,False,False
B_2,176,"â€24 / 04 / 18 , 20 : 10 - SupportoVittima2 : Ma chiudi la bocca tacchino",Curse_or_Exclusion,Bystander_defender,False,False
B_2,178,"â€24 / 04 / 18 , 20 : 11 - SupportoVittima2 : Tacchinaaa",Insult-General_Insult,Bystander_defender,False,False
B_2,179,"â€24 / 04 / 18 , 20 : 12 - SupportoBullo1 : Studi tanto e non sai neanche capire la differenza tra maschi e femmine ! !",Insult-General_Insult,Bystander_assistant,False,False
B_2,180,"â€24 / 04 / 18 , 20 : 13 - SupportoVittima2 : Ma chiudi la boccaa",Curse_or_Exclusion,Bystander_defender,False,False
B_2,181,"â€24 / 04 / 18 , 20 : 14 - SupportoVittima1 : Basta ragazzi ! Lui si sentiva moralmente di fare ciÃ² che ha fatto e basta",Defense,Bystander_defender,False,False
B_2,184,"â€24 / 04 / 18 , 20 : 36 - SupportoBullo1 : Ma dai state zitti",Curse_or_Exclusion,Bystander_assistant,False,False
B_2,185,"â€24 / 04 / 18 , 20 : 46 - SupportoBullo2 : Esatto state zitti",Encouragement_to_the_Harasser,Bystander_assistant,False,False
B_2,185,"â€24 / 04 / 18 , 20 : 46 - SupportoBullo2 : Esatto state zitti",Curse_or_Exclusion,Bystander_assistant,False,False
B_2,186,"â€24 / 04 / 18 , 20 : 47 - Bullo1 : Raga se vi intromette peggio per VOI perche pocchio voi e anche lui quindi",Threat_or_Blackmail,Harasser,False,False
B_2,187,"â€24 / 04 / 18 , 20 : 48 - Bullo1 : Questa vasta scelta di diffonderlo Ã¨ come la vostra vita cioÃ¨ inutile",Curse_or_Exclusion,Harasser,False,False
B_2,189,"â€24 / 04 / 18 , 20 : 49 - SupportoBullo1 : Quindi siamo in tre conto tre babbuini",Insult-General_Insult,Bystander_assistant,False,False
B_2,190,"â€24 / 04 / 18 , 21 : 02 - SupportoVittima2 : Babbuina sarai tu",Defense,Bystander_defender,False,False
B_2,191,"â€24 / 04 / 18 , 21 : 03 - Bullo1 : Che bambini che siete",Insult-General_Insult,Harasser,False,False
B_2,193,"â€24 / 04 / 18 , 21 : 03 - Bullo1 : Ma crescete",Other,Harasser,False,False
B_2,194,"â€24 / 04 / 18 , 21 : 03 - SupportoVittima2 : Ma chiuditi la bocca",Curse_or_Exclusion,Bystander_defender,False,False
B_2,196,"â€24 / 04 / 18 , 21 : 06 - SupportoVittima2 : Se hai qualche problema vieni pure a dirmelo",Defense,Bystander_defender,False,False
B_2,197,"â€24 / 04 / 18 , 21 : 07 - SupportoVittima2 : Non mi fai paura",Defense,Bystander_defender,False,False
B_2,198,"â€24 / 04 / 18 , 21 : 09 - SupportoBullo1 : Vediamo giovedÃ¬ a scuola",Threat_or_Blackmail,Bystander_assistant,False,False
B_2,200,"â€24 / 04 / 18 , 21 : 14 - SupportoVittima2 : Se aver problemi venite a dirmelo . Non mascondetevi dietro ad uno schermo",Defense,Bystander_defender,False,False
B_2,201,"â€24 / 04 / 18 , 21 : 19 - Vittima : io non vi capisco , anche voi avreste fatto lo stesso",Defense,Victim,False,False
B_2,202,"â€24 / 04 / 18 , 21 : 20 - Bullo1 : Sono affari nostri di cosa facciamo perÃ² tu hai sbagliato ed ci saranno dell brutte conssenguemze",Threat_or_Blackmail,Harasser,False,False
B_2,202,"â€24 / 04 / 18 , 21 : 20 - Bullo1 : Sono affari nostri di cosa facciamo perÃ² tu hai sbagliato ed ci saranno dell brutte conssenguemze",Other,Harasser,False,False
B_2,203,"â€24 / 04 / 18 , 21 : 20 - Vittima : mi stai minacciando ?",Defense,Victim,False,False
B_2,205,"â€24 / 04 / 18 , 21 : 21 - Bullo1 : Sto solo dicendo che ci saranno delle conseguenze",Threat_or_Blackmail,Harasser,False,False
B_2,210,"â€24 / 04 / 18 , 21 : 24 - SupportoVittima2 : Non li sopporto piÃ¹ .",Defense,Bystander_defender,False,False
B_2,211,"â€25 / 04 / 18 , 10 : 30 - SupportoBullo1 : Neanche noi sopportiamo piÃ¹ voi",Other,Bystander_assistant,False,False
B_2,212,"â€25 / 04 / 18 , 10 : 37 - Bullo1 : Ma tranquilla tanto da domani non ci daranno piu fastidio",Threat_or_Blackmail,Harasser,False,False
B_2,213,"â€25 / 04 / 18 , 10 : 37 - SupportoVittima1 : Ma stai zitta , nessuno ti ha chiamato",Curse_or_Exclusion,Bystander_defender,False,False
B_2,215,"â€25 / 04 / 18 , 10 : 38 - SupportoVittima2 : Prega solo che non ti veda in classe",Threat_or_Blackmail,Bystander_defender,False,False
B_2,217,"â€25 / 04 / 18 , 10 : 38 - SupportoBullo1 : Ha perchÃ© se no ?",Defense,Bystander_assistant,False,False
B_2,218,"â€25 / 04 / 18 , 10 : 38 - Bullo1 : Mi fai ridere",Other,Harasser,False,False
B_2,220,"â€25 / 04 / 18 , 10 : 38 - SupportoVittima2 : Chiuditi la bocca Bullo1",Curse_or_Exclusion,Bystander_defender,False,False
B_2,221,"â€25 / 04 / 18 , 10 : 39 - SupportoVittima2 : Non mi fate paura",Defense,Bystander_defender,False,False
B_2,223,"â€25 / 04 / 18 , 10 : 39 - SupportoVittima2 : Ma stai zitto scimmione",Curse_or_Exclusion,Bystander_defender,False,False
B_2,223,"â€25 / 04 / 18 , 10 : 39 - SupportoVittima2 : Ma stai zitto scimmione",Insult-General_Insult,Bystander_defender,False,False
B_2,225,"â€25 / 04 / 18 , 10 : 40 - SupportoVittima2 : Bau bau lo fa tua mamma",Insult-Attacking_relatives,Bystander_defender,False,False
B_2,228,"â€25 / 04 / 18 , 13 : 30 - SupportoVittima1 : Meglio far ridere che terrorizzare le persone con la vostra faccia",Defense,Bystander_defender,False,False
B_2,230,"â€25 / 04 / 18 , 13 : 51 - SupportoVittima2 : Non ha uno specchio . PerchÃ© appena ti vede lo specchio si rompe .",Insult-BodyShame,Bystander_defender,False,False
B_2,237,"â€25 / 04 / 18 , 19 : 40 - SupportoBullo1 : Cmq Vittima Ã¨ veramente un ignorante perchÃ© non sa cosa gli accadrÃ  domani",Insult-General_Insult,Bystander_assistant,False,False
B_2,237,"â€25 / 04 / 18 , 19 : 40 - SupportoBullo1 : Cmq Vittima Ã¨ veramente un ignorante perchÃ© non sa cosa gli accadrÃ  domani",Threat_or_Blackmail,Bystander_assistant,False,False
B_2,242,"â€25 / 04 / 18 , 19 : 42 - SupportoVittima1 : Voi domani a Vittima non fate niente",Defense,Bystander_defender,False,False
B_2,243,"â€25 / 04 / 18 , 19 : 42 - SupportoBullo1 : Vediamo . . . .",Threat_or_Blackmail,Harasser,False,False
B_2,244,"â€25 / 04 / 18 , 19 : 42 - SupportoVittima2 : Se provi a toccarlo ci penso io .",Threat_or_Blackmail,Bystander_defender,False,False
B_2,247,"â€25 / 04 / 18 , 19 : 43 - SupportoVittima1 : Non avete le palle di farlo",Insult-General_Insult,Bystander_defender,False,False
B_2,248,"â€25 / 04 / 18 , 19 : 43 - SupportoVittima1 : Parlate ma non agite",Defense,Bystander_defender,False,False
B_2,249,"â€25 / 04 / 18 , 19 : 46 - SupportoVittima2 : Non avete le palle",Insult-General_Insult,Bystander_defender,False,False
B_2,250,"â€25 / 04 / 18 , 19 : 46 - SupportoVittima2 : Facile parlare da dietro uno schermo",Defense,Bystander_defender,False,False
B_2,251,"â€25 / 04 / 18 , 19 : 46 - SupportoBullo1 : Ok allora vediamo domani",Threat_or_Blackmail,Bystander_assistant,False,False
B_2,253,"â€25 / 04 / 18 , 19 : 47 - SupportoVittima2 : Ci vediamo domani",Threat_or_Blackmail,Bystander_defender,False,False
B_2,255,"â€25 / 04 / 18 , 19 : 47 - SupportoVittima2 : Voglio proprio vedere cosa fate ahahahahah",Other,Bystander_defender,False,False
B_2,259,"â€25 / 04 / 18 , 19 : 49 - SupportoVittima2 : Io gioco a calcio con la tua testa se non lo lasciate stare .",Threat_or_Blackmail,Bystander_defender,False,False
B_2,260,"â€25 / 04 / 18 , 19 : 49 - SupportoVittima1 : Se foste stati al posto suo l â€™ avreste fatto anche voi quindi chiudete quella cazzo di bocca",Curse_or_Exclusion,Bystander_defender,False,False
B_2,260,"â€25 / 04 / 18 , 19 : 49 - SupportoVittima1 : Se foste stati al posto suo l â€™ avreste fatto anche voi quindi chiudete quella cazzo di bocca",Defense,Bystander_defender,False,False
B_2,261,"â€25 / 04 / 18 , 19 : 50 - Bullo1 : Lo so . che lo fai hai preso da tua madre se giochi come le da vestita immagina dopo",Insult-Attacking_relatives,Harasser,False,False
B_2,266,"â€25 / 04 / 18 , 19 : 57 - SupportoBullo1 : Tu Vittima non dici niente Ã¨ . . . . hai paura ğŸ¤“",Other,Harasser,False,False
B_2,267,"â€25 / 04 / 18 , 19 : 57 - SupportoVittima1 : Paura di voi ? Non credo proprio che ne abbia",Defense,Victim,False,False
B_2,269,"â€25 / 04 / 18 , 20 : 01 - SupportoBullo2 : Ma stai zitta che quella che non ha le palle per farlo sei tu",Curse_or_Exclusion,Bystander_assistant,False,False
B_2,269,"â€25 / 04 / 18 , 20 : 01 - SupportoBullo2 : Ma stai zitta che quella che non ha le palle per farlo sei tu",Insult-General_Insult,Bystander_assistant,False,False
B_2,270,"â€25 / 04 / 18 , 20 : 03 - SupportoVittima1 : AvrÃ  altro da fare invece che stare qui e rispondere a 4 idioti",Defense,Bystander_defender,False,False
B_2,271,"â€25 / 04 / 18 , 20 : 03 - SupportoBullo2 : L â€™ idiota sarai tu tesoro",Insult-General_Insult,Bystander_assistant,False,False
B_2,275,"â€25 / 04 / 18 , 20 : 06 - SupportoBullo2 : E allora ? ? ? Ti da fastidio . . . mi dispiace sfigata",Insult-General_Insult,Bystander_assistant,False,False
B_2,277,"â€25 / 04 / 18 , 20 : 08 - SupportoVittima1 : Io ? Sfigata ? Parla quella che si crede dio sceso in terra quando si fa vedere che fuma , non sei piÃ¹ figa se fumi sappilo , e almeno io l â€™ anno lo supero con una buona pagella vorrei vedere la tua che quest â€™ anno ti bocciano",Defense,Bystander_defender,False,False
B_2,281,"â€25 / 04 / 18 , 20 : 11 - SupportoBullo2 : Ma stai zitta . . . tappati quella bocca del cavolo",Curse_or_Exclusion,Bystander_assistant,False,False
B_2,283,"â€25 / 04 / 18 , 20 : 15 - SupportoVittima1 : E adesso ha visualizzato e nn risponde , quelle che hanno ragione qua sono io e SupportoVittima2 muti",Defense,Bystander_defender,False,False
B_2,283,"â€25 / 04 / 18 , 20 : 15 - SupportoVittima1 : E adesso ha visualizzato e nn risponde , quelle che hanno ragione qua sono io e SupportoVittima2 muti",Curse_or_Exclusion,Bystander_defender,False,False
B_2,286,"â€25 / 04 / 18 , 20 : 24 - SupportoBullo1 : Comunque anche voi state parlando al posto di Vittima . . . poverino non si sa difendere . . . . . ğŸ˜­ ğŸ˜­ ğŸ˜­",Insult-General_Insult,Bystander_assistant,False,False
B_2,287,"â€25 / 04 / 18 , 20 : 25 - SupportoBullo2 : Dai stronzetta cerca di non farmi incazzare",Insult-General_Insult,Bystander_assistant,False,False
B_2,290,"â€25 / 04 / 18 , 20 : 26 - SupportoVittima1 : AvrÃ  altro da fare , non lo stiamo difendendo , stiamo solo dicendo le cose come stanno",Defense,Bystander_defender,False,False
B_2,291,"â€25 / 04 / 18 , 20 : 27 - SupportoVittima1 : O se no ? Che cosa fai ? Va nel angolino a piangere",Defense,Bystander_defender,False,False
B_2,292,"â€25 / 04 / 18 , 20 : 28 - SupportoBullo1 : Sisi intanto sei tu e Vittima quelli che piangono sempre . .",Defamation,Bystander_assistant,False,False
B_2,293,"â€25 / 04 / 18 , 20 : 29 - SupportoBullo2 : No vado nel angolo a pensare come fartela pagare",Threat_or_Blackmail,Bystander_assistant,False,False
B_2,294,"â€25 / 04 / 18 , 20 : 30 - SupportoVittima1 : Ma si dai che sicuramente quando sarai tornata da scuola quando ti hanno trovato le sigarette avrai iniziato a piangere come non mai",Defamation,Bystander_defender,False,False
B_2,296,"â€25 / 04 / 18 , 20 : 32 - SupportoBullo2 : La sigaretta te la spengo sulla tetta se non stai zitta",Threat_or_Blackmail,Bystander_assistant,False,False
B_2,299,"â€25 / 04 / 18 , 20 : 34 - SupportoVittima1 : O stai aspettando che la mammina ti dica altre cose da scrivere ?",Insult-Attacking_relatives,Bystander_defender,False,False
B_2,301,"â€25 / 04 / 18 , 20 : 36 - SupportoBullo2 : ğŸ–•",Insult-General_Insult,Bystander_assistant,False,False
B_2,306,"â€25 / 04 / 18 , 20 : 47 - SupportoBullo1 : Si ma non ho chiesto a te perchÃ© per me non esisti",Curse_or_Exclusion,Bystander_assistant,False,False
B_2,307,"â€26 / 04 / 18 , 19 : 20 - SupportoBullo1 : Vittima Ã¨ uno spione ! !",Insult-General_Insult,Bystander_assistant,False,False
B_2,308,"â€26 / 04 / 18 , 19 : 21 - SupportoVittima2 : Esatto",Encouragement_to_the_Harasser,Bystander_defender,False,False
B_2,310,"â€26 / 04 / 18 , 19 : 22 - SupportoBullo1 : Allora sei d'accordo con noi nerd",Insult-General_Insult,Bystander_assistant,False,False
B_2,314,"â€26 / 04 / 18 , 19 : 40 - SupportoVittima2 : Non Ã¨ vero",Defense,Bystander_defender,False,False
B_2,315,"â€26 / 04 / 18 , 19 : 40 - SupportoVittima2 : Lasciatelo stare .",Defense,Bystander_defender,False,False
B_2,316,"â€26 / 04 / 18 , 19 : 50 - SupportoVittima1 : Basta !",Defense,Bystander_defender,False,False
B_2,317,"â€26 / 04 / 18 , 19 : 50 - SupportoVittima1 : Ha fatto la cosa giusta punto",Defense,Bystander_defender,False,False
B_2,318,"â€26 / 04 / 18 , 20 : 25 - SupportoBullo1 : Non Ã¨ vero Ã¨ solo un cretino spione secchione",Insult-General_Insult,Bystander_assistant,False,False
B_2,319,"â€26 / 04 / 18 , 20 : 33 - SupportoVittima2 : Avete rotto con sta storia .",Defense,Bystander_defender,False,False
B_2,321,"â€26 / 04 / 18 , 20 : 34 - SupportoVittima2 : Lasciatelo stare .",Defense,Bystander_defender,False,False
B_2,324,"â€26 / 04 / 18 , 21 : 05 - SupportoVittima2 : Ma cosa c'entra lui ? Se verrete bocciati Ã¨ colpa vostra . Solo colpa vostra .",Defense,Bystander_defender,False,False
B_2,326,"â€26 / 04 / 18 , 22 : 08 - SupportoVittima2 : Ha fatto bene",Defense,Bystander_defender,False,False
B_2,327,"â€26 / 04 / 18 , 22 : 10 - SupportoVittima1 : Parlavate tanto , di domani , che glie la fate pagare ma oggi non avete nemmeno avuto il coraggio di guardarlo in faccia . . . poverini mi fate pena",Insult-General_Insult,Bystander_defender,False,False
B_2,329,"â€27 / 04 / 18 , 15 : 19 - SupportoBullo1 : Ma stai zitta che lo abbiamo minacciato anche oggi quel maiale",Insult-General_Insult,Bystander_assistant,False,False
B_2,329,"â€27 / 04 / 18 , 15 : 19 - SupportoBullo1 : Ma stai zitta che lo abbiamo minacciato anche oggi quel maiale",Curse_or_Exclusion,Bystander_assistant,False,False
B_2,330,"â€27 / 04 / 18 , 15 : 19 - SupportoBullo1 : ğŸ·",Insult-General_Insult,Bystander_assistant,False,False
B_2,332,"â€27 / 04 / 18 , 17 : 30 - Vittima : continuate a prendervela con me ma lo sappiamo tutti che avreste fatto lo stesso anche voi",Defense,Victim,False,False
