File,SentenceNumber,Sentence,Translation,TimeStamp,author,raw,authorEmoji,textEmoji,authorNon,textNon
C_1,0,"â€Ž28 / 04 / 18 , 14 : 18 - Bullo2 : Vaffanculo Vittima nessuno vuole fare i compiti","â€Ž28 / 04 / 18 , 14 : 18 - Bullo2 : Fuck off Vittima, no one wants to do homework","28 / 04 / 18 , 14 : 18", - Bullo2 ," Fuck off Vittima, no one wants to do homework",- Bullo2,"Fuck off Vittima, no one wants to do homework",- Bullo2,"Fuck off Vittima, no one wants to do homework"
C_1,1,"â€Ž28 / 04 / 18 , 14 : 19 - SupportoBullo3 : Infatti ma stai zitto e non studiare sempre bravo Bullo2 cosÃ¬ si fai","â€Ž28 / 04 / 18 , 14 : 19 - SupportoBullo3 : In fact, shut up and do not study all the time , good Bullo2, there you go","28 / 04 / 18 , 14 : 19", - SupportoBullo3 ," In fact, shut up and do not study all the time , good Bullo2, there you go",- SupportoBullo3,"In fact, shut up and do not study all the time , good Bullo2, there you go",- SupportoBullo3,"In fact, shut up and do not study all the time , good Bullo2, there you go"
C_1,2,"â€Ž28 / 04 / 18 , 14 : 19 - SupportoBullo1 : Quasi quasi verrei lÃ¬ da te e te li farei fare tutti i nostri compiti in piÃ¹ crepa","â€Ž28 / 04 / 18 , 14 : 19 - SupportoBullo1 : I almost would come to you and I would make you do all our extra homework. Die.","28 / 04 / 18 , 14 : 19", - SupportoBullo1 , I almost would come to you and I would make you do all our extra homework. Die.,- SupportoBullo1,I almost would come to you and I would make you do all our extra homework. Die.,- SupportoBullo1,I almost would come to you and I would make you do all our extra homework. Die.
C_1,3,"â€Ž28 / 04 / 18 , 14 : 20 - SupportoBullo3 : Ecco secchione da schifo","â€Ž28 / 04 / 18 , 14 : 20 - SupportoBullo3 : Here's shitty nerd.","28 / 04 / 18 , 14 : 20", - SupportoBullo3 , Here's shitty nerd.,- SupportoBullo3,Here's shitty nerd.,- SupportoBullo3,Here's shitty nerd.
C_1,4,"â€Ž28 / 04 / 18 , 14 : 20 - SupportoVittima1 : Ogniuno si deve fare i propti compiti pk cosÃ­ si impara qualcosa","â€Ž28 / 04 / 18 , 14 : 20 - SupportoVittima1 : Everyone has to do their homework, because that is how they can learn something.","28 / 04 / 18 , 14 : 20", - SupportoVittima1 ," Everyone has to do their homework, because that is how they can learn something.",- SupportoVittima1,"Everyone has to do their homework, because that is how they can learn something.",- SupportoVittima1,"Everyone has to do their homework, because that is how they can learn something."
C_1,5,"â€Ž28 / 04 / 18 , 14 : 20 - Bullo2 : MinChia pure tua madre se mi sta sul c***o","â€Ž28 / 04 / 18 , 14 : 20 - Bullo2 : F**k your mother too, if she's on my ass!","28 / 04 / 18 , 14 : 20", - Bullo2 ," F**k your mother too, if she's on my ass!",- Bullo2,"F**k your mother too, if she's on my ass!",- Bullo2,"F**k your mother too, if she's on my ass!"
C_1,6,"â€Ž28 / 04 / 18 , 14 : 21 - SupportoBullo1 : Tutta colpa tua ora non ho mai tempo libero solo perchÃ© devo fare sto cazzo di compiti che per colpa tua facciamo","â€Ž28 / 04 / 18 , 14 : 21 - SupportoBullo1 : It is all your fault now,  I never have free time just because I have to do this f***ing homework that we do because of you","28 / 04 / 18 , 14 : 21", - SupportoBullo1 ," It is all your fault now,  I never have free time just because I have to do this f***ing homework that we do because of you",- SupportoBullo1,"It is all your fault now, I never have free time just because I have to do this f***ing homework that we do because of you",- SupportoBullo1,"It is all your fault now, I never have free time just because I have to do this f***ing homework that we do because of you"
C_1,7,"â€Ž28 / 04 / 18 , 14 : 21 - SupportoBullo3 : Si ma non si puÃ² star a casa tutto il giorno a studiare si deve essere cosÃ¬ stupidi","â€Ž28 / 04 / 18 , 14 : 21 - SupportoBullo3 : yeah but you can't stay home all day and study, you must be so stupid","28 / 04 / 18 , 14 : 21", - SupportoBullo3 ," yeah but you can't stay home all day and study, you must be so stupid",- SupportoBullo3,"yeah but you can't stay home all day and study, you must be so stupid",- SupportoBullo3,"yeah but you can't stay home all day and study, you must be so stupid"
C_1,8,"â€Ž28 / 04 / 18 , 14 : 21 - SupportoBullo1 : Non poteva starsene zitta poi","â€Ž28 / 04 / 18 , 14 : 21 - SupportoBullo1 : She could not stay silent then","28 / 04 / 18 , 14 : 21", - SupportoBullo1 , She could not stay silent then,- SupportoBullo1,She could not stay silent then,- SupportoBullo1,She could not stay silent then
C_1,9,"â€Ž28 / 04 / 18 , 14 : 22 - Bullo2 : I libri dei compiti te li infiliamo su per il . . .","â€Ž28 / 04 / 18 , 14 : 22 - Bullo2 : We'll shove your homework books up your...","28 / 04 / 18 , 14 : 22", - Bullo2 , We'll shove your homework books up your...,- Bullo2,We'll shove your homework books up your...,- Bullo2,We'll shove your homework books up your...
C_1,10,"â€Ž28 / 04 / 18 , 14 : 22 - SupportoVittima1 : Poi non rompete a Vittima pk si vede che lui studia e coi no","â€Ž28 / 04 / 18 , 14 : 22 - SupportoVittima1 : Then don't bother Vittima because it is clear that he studies and you don't","28 / 04 / 18 , 14 : 22", - SupportoVittima1 , Then don't bother Vittima because it is clear that he studies and you don't,- SupportoVittima1,Then don't bother Vittima because it is clear that he studies and you don't,- SupportoVittima1,Then don't bother Vittima because it is clear that he studies and you don't
C_1,11,"â€Ž28 / 04 / 18 , 14 : 22 - Bullo2 : Ma che casso c'Ã¨ ne frega che lui studia e noi no Mona","â€Ž28 / 04 / 18 , 14 : 22 - Bullo2 : What the hell do we care if he studies and we don't, bitch?","28 / 04 / 18 , 14 : 22", - Bullo2 ," What the hell do we care if he studies and we don't, bitch?",- Bullo2,"What the hell do we care if he studies and we don't, bitch?",- Bullo2,"What the hell do we care if he studies and we don't, bitch?"
C_1,12,"â€Ž28 / 04 / 18 , 14 : 23 - SupportoBullo3 : Ma stai zitta tu e il tuo fidanzato che studia","â€Ž28 / 04 / 18 , 14 : 23 - SupportoBullo3 : Shut up, you and your boyfriend who studies","28 / 04 / 18 , 14 : 23", - SupportoBullo3 ," Shut up, you and your boyfriend who studies",- SupportoBullo3,"Shut up, you and your boyfriend who studies",- SupportoBullo3,"Shut up, you and your boyfriend who studies"
C_1,13,"â€Ž28 / 04 / 18 , 14 : 23 - Bullo2 : Vittima coglione","â€Ž28 / 04 / 18 , 14 : 23 - Bullo2 : Vittima asshole","28 / 04 / 18 , 14 : 23", - Bullo2 , Vittima asshole,- Bullo2,Vittima asshole,- Bullo2,Vittima asshole
C_1,14,"â€Ž28 / 04 / 18 , 14 : 23 - SupportoBullo3 : Hahahahah hai ragione","â€Ž28 / 04 / 18 , 14 : 23 - SupportoBullo3 : Hahahah you are right","28 / 04 / 18 , 14 : 23", - SupportoBullo3 , Hahahah you are right,- SupportoBullo3,Hahahah you are right,- SupportoBullo3,Hahahah you are right
C_1,15,"â€Ž28 / 04 / 18 , 14 : 24 - Vittima : ma non Ã¨ colpa mia !","â€Ž28 / 04 / 18 , 14 : 24 - Vittima : But it's not my fault!","28 / 04 / 18 , 14 : 24", - Vittima , But it's not my fault!,- Vittima,But it's not my fault!,- Vittima,But it's not my fault!
C_1,16,"â€Ž28 / 04 / 18 , 14 : 24 - Vittima : perchÃ© ve la prendete con me","â€Ž28 / 04 / 18 , 14 : 24 - Vittima : Why are you targeting me?","28 / 04 / 18 , 14 : 24", - Vittima , Why are you targeting me?,- Vittima,Why are you targeting me?,- Vittima,Why are you targeting me?
C_1,17,"â€Ž28 / 04 / 18 , 14 : 24 - Bullo2 : No Ã¨ di chi","â€Ž28 / 04 / 18 , 14 : 24 - Bullo2 : No it's whose","28 / 04 / 18 , 14 : 24", - Bullo2 , No it's whose,- Bullo2,No it's whose,- Bullo2,No it's whose
C_1,18,"â€Ž28 / 04 / 18 , 14 : 24 - Vittima : Ã¨ stata mia madre","â€Ž28 / 04 / 18 , 14 : 24 - Vittima : it was my mother","28 / 04 / 18 , 14 : 24", - Vittima , it was my mother,- Vittima,it was my mother,- Vittima,it was my mother
C_1,19,"â€Ž28 / 04 / 18 , 14 : 24 - SupportoVittima1 : 1 cosa NON Ã© il mio fidanzato","â€Ž28 / 04 / 18 , 14 : 24 - SupportoVittima1 : First thing he is not my boyfriend","28 / 04 / 18 , 14 : 24", - SupportoVittima1 , First thing he is not my boyfriend,- SupportoVittima1,First thing he is not my boyfriend,- SupportoVittima1,First thing he is not my boyfriend
C_1,20,"â€Ž28 / 04 / 18 , 14 : 24 - Vittima : ma io non ho fatto niente","â€Ž28 / 04 / 18 , 14 : 24 - Vittima : but I have not done anything","28 / 04 / 18 , 14 : 24", - Vittima , but I have not done anything,- Vittima,but I have not done anything,- Vittima,but I have not done anything
C_1,21,"â€Ž28 / 04 / 18 , 14 : 24 - Bullo2 : Tua madre fa schifo quanto te","â€Ž28 / 04 / 18 , 14 : 24 - Bullo2 : Your mother sucks as much as you do","28 / 04 / 18 , 14 : 24", - Bullo2 , Your mother sucks as much as you do,- Bullo2,Your mother sucks as much as you do,- Bullo2,Your mother sucks as much as you do
C_1,22,"â€Ž28 / 04 / 18 , 14 : 25 - Vittima : non offendere mia madre","â€Ž28 / 04 / 18 , 14 : 25 - Vittima : do not offend my mother","28 / 04 / 18 , 14 : 25", - Vittima , do not offend my mother,- Vittima,do not offend my mother,- Vittima,do not offend my mother
C_1,23,"â€Ž28 / 04 / 18 , 14 : 25 - SupportoBullo3 : Hahahaha che bacia ancora con la mamma chiamiamo l'ambulagna","â€Ž28 / 04 / 18 , 14 : 25 - SupportoBullo3 : Hahaha still kissing with mom, let's call the ambulance","28 / 04 / 18 , 14 : 25", - SupportoBullo3 ," Hahaha still kissing with mom, let's call the ambulance",- SupportoBullo3,"Hahaha still kissing with mom, let's call the ambulance",- SupportoBullo3,"Hahaha still kissing with mom, let's call the ambulance"
C_1,24,"â€Ž28 / 04 / 18 , 14 : 25 - Bullo2 : Sempre li a studiare stai ma fatti una vita cazzo","â€Ž28 / 04 / 18 , 14 : 25 - Bullo2 : You're always studying, but live a f***ing life.","28 / 04 / 18 , 14 : 25", - Bullo2 ," You're always studying, but live a f***ing life.",- Bullo2,"You're always studying, but live a f***ing life.",- Bullo2,"You're always studying, but live a f***ing life."
C_1,25,"â€Ž28 / 04 / 18 , 14 : 25 - SupportoVittima1 : Lo volete ccapire che non Ã© colpa sua ma di sua madre","â€Ž28 / 04 / 18 , 14 : 25 - SupportoVittima1 : Do you understand that it's not his fault, it's his mother's fault.","28 / 04 / 18 , 14 : 25", - SupportoVittima1 ," Do you understand that it's not his fault, it's his mother's fault.",- SupportoVittima1,"Do you understand that it's not his fault, it's his mother's fault.",- SupportoVittima1,"Do you understand that it's not his fault, it's his mother's fault."
C_1,26,"â€Ž28 / 04 / 18 , 14 : 25 - Vittima : ma cosa vuoi tu","â€Ž28 / 04 / 18 , 14 : 25 - Vittima : What do you want","28 / 04 / 18 , 14 : 25", - Vittima , What do you want,- Vittima,What do you want,- Vittima,What do you want
C_1,27,"â€Ž28 / 04 / 18 , 14 : 25 - Vittima : a me piace studiare","28 / 04 / 18 , 14 : 25 - Vittima : I like to study","28 / 04 / 18 , 14 : 25", - Vittima , I like to study,- Vittima,I like to study,- Vittima,I like to study
C_1,28,"â€Ž28 / 04 / 18 , 14 : 25 - Bullo2 : Io offendo chi voglio","â€Ž28 / 04 / 18 , 14 : 25 - Bullo2 : I offend whoever I want","28 / 04 / 18 , 14 : 25", - Bullo2 , I offend whoever I want,- Bullo2,I offend whoever I want,- Bullo2,I offend whoever I want
C_1,29,"â€Ž28 / 04 / 18 , 14 : 25 - Bullo2 : Studia studia poi tanto da grande pulirai i cessi","â€Ž28 / 04 / 18 , 14 : 25 - Bullo2 : Study, study. When you grow up you'll be cleaning toilets anyway.","28 / 04 / 18 , 14 : 25", - Bullo2 ," Study, study. When you grow up you'll be cleaning toilets anyway.",- Bullo2,"Study, study. When you grow up you'll be cleaning toilets anyway.",- Bullo2,"Study, study. When you grow up you'll be cleaning toilets anyway."
C_1,30,"â€Ž28 / 04 / 18 , 14 : 25 - Vittima : magari vi fa bene studiare un po'","â€Ž28 / 04 / 18 , 14 : 25 - Vittima : Maybe it's good for you to study a little.","28 / 04 / 18 , 14 : 25", - Vittima , Maybe it's good for you to study a little.,- Vittima,Maybe it's good for you to study a little.,- Vittima,Maybe it's good for you to study a little.
C_1,31,"â€Ž28 / 04 / 18 , 14 : 26 - Vittima : visto che non mi sembra siate bravissimi","â€Ž28 / 04 / 18 , 14 : 26 - Vittima : since you don't seem to be very good at it","28 / 04 / 18 , 14 : 26", - Vittima , since you don't seem to be very good at it,- Vittima,since you don't seem to be very good at it,- Vittima,since you don't seem to be very good at it
C_1,32,"â€Ž28 / 04 / 18 , 14 : 26 - Vittima : non Ã¨ vero","â€Ž28 / 04 / 18 , 14 : 26 - Vittima : It's not true.","28 / 04 / 18 , 14 : 26", - Vittima , It's not true.,- Vittima,It's not true.,- Vittima,It's not true.
C_1,33,"â€Ž28 / 04 / 18 , 14 : 26 - Vittima : lo dico alla prof che mi offendi","â€Ž28 / 04 / 18 , 14 : 26 - Vittima : I'll tell the teacher that you offend me.","28 / 04 / 18 , 14 : 26", - Vittima , I'll tell the teacher that you offend me.,- Vittima,I'll tell the teacher that you offend me.,- Vittima,I'll tell the teacher that you offend me.
C_1,34,"â€Ž28 / 04 / 18 , 14 : 26 - Bullo2 : Diglielo","â€Ž28 / 04 / 18 , 14 : 26 - Bullo2 : Tell him","28 / 04 / 18 , 14 : 26", - Bullo2 , Tell him,- Bullo2,Tell him,- Bullo2,Tell him
C_1,35,"â€Ž28 / 04 / 18 , 14 : 26 - Vittima : dopo voglio vedee","â€Ž28 / 04 / 18 , 14 : 26 - Vittima : I want to see then","28 / 04 / 18 , 14 : 26", - Vittima , I want to see then,- Vittima,I want to see then,- Vittima,I want to see then
C_1,36,"â€Ž28 / 04 / 18 , 14 : 26 - SupportoBullo3 : Ma che testa di cazzo come tua madre","â€Ž28 / 04 / 18 , 14 : 26 - SupportoBullo3 : What a dickhead, like your mother.","28 / 04 / 18 , 14 : 26", - SupportoBullo3 ," What a dickhead, like your mother.",- SupportoBullo3,"What a dickhead, like your mother.",- SupportoBullo3,"What a dickhead, like your mother."
C_1,37,"â€Ž28 / 04 / 18 , 14 : 26 - SupportoVittima1 : No carino quello Ã© il tuo lavoro se non inizi a studiare un pÃ²","â€Ž28 / 04 / 18 , 14 : 26 - SupportoVittima1 : That's your job, dear, if you don't start studying.","28 / 04 / 18 , 14 : 26", - SupportoVittima1 ," That's your job, dear, if you don't start studying.",- SupportoVittima1,"That's your job, dear, if you don't start studying.",- SupportoVittima1,"That's your job, dear, if you don't start studying."
C_1,38,"â€Ž28 / 04 / 18 , 14 : 27 - Bullo2 : Raga sto qua e giÃ  tanto che ha WhatsApp &#129315; &#129315; coglione quanto lo puoi usare il telefono al giorno due minuti ?","â€Ž28 / 04 / 18 , 14 : 27 - Bullo2 :  Guys, it is a wonder that this chap has WhatsApp &#129315; &#129315; asshole how long  can you use the phone per day -  two minutes?","28 / 04 / 18 , 14 : 27", - Bullo2 ,"  Guys, it is a wonder that this chap has WhatsApp &#129315; &#129315; asshole how long  can you use the phone per day -  two minutes?",- Bullo2,"Guys, it is a wonder that this chap has WhatsApp ðŸ¤£ ðŸ¤£ asshole how long can you use the phone per day - two minutes?",- Bullo2,"Guys, it is a wonder that this chap has WhatsApp   asshole how long can you use the phone per day - two minutes?"
C_1,39,"â€Ž28 / 04 / 18 , 14 : 27 - SupportoBullo3 : Ma stai zitta SupportoVittima1 che tu lavorerai tu ai cessi come te","â€Ž28 / 04 / 18 , 14 : 27 - SupportoBullo3 : Shut up SupportoVittima1 you will work in the toilets like you","28 / 04 / 18 , 14 : 27", - SupportoBullo3 , Shut up SupportoVittima1 you will work in the toilets like you,- SupportoBullo3,Shut up SupportoVittima1 you will work in the toilets like you,- SupportoBullo3,Shut up SupportoVittima1 you will work in the toilets like you
C_1,40,"â€Ž28 / 04 / 18 , 14 : 27 - SupportoBullo3 : Hahahah hai ragione","â€Ž28 / 04 / 18 , 14 : 27 - SupportoBullo3 : Hahahah you are right","28 / 04 / 18 , 14 : 27", - SupportoBullo3 , Hahahah you are right,- SupportoBullo3,Hahahah you are right,- SupportoBullo3,Hahahah you are right
C_1,41,"â€Ž28 / 04 / 18 , 14 : 27 - Bullo2 : Grande SupportoBullo3","â€Ž28 / 04 / 18 , 14 : 27 - Bullo2 : Great SupportoBullo3","28 / 04 / 18 , 14 : 27", - Bullo2 , Great SupportoBullo3,- Bullo2,Great SupportoBullo3,- Bullo2,Great SupportoBullo3
C_1,42,"â€Ž28 / 04 / 18 , 14 : 28 - Vittima : io non lo uso spesso perchÃ© devo studiare . . . ma non ho regole","â€Ž28 / 04 / 18 , 14 : 28 - Vittima : I don't use it often because I have to study. . . but I have no rules","28 / 04 / 18 , 14 : 28", - Vittima , I don't use it often because I have to study. . . but I have no rules,- Vittima,I don't use it often because I have to study. . . but I have no rules,- Vittima,I don't use it often because I have to study. . . but I have no rules
C_1,43,"â€Ž28 / 04 / 18 , 14 : 28 - Bullo2 : Ma stai zitta mona","â€Ž28 / 04 / 18 , 14 : 28 - Bullo2 : shut up bitch","28 / 04 / 18 , 14 : 28", - Bullo2 , shut up bitch,- Bullo2,shut up bitch,- Bullo2,shut up bitch
C_1,44,"â€Ž28 / 04 / 18 , 14 : 28 - Vittima : mica sono un bambino","â€Ž28 / 04 / 18 , 14 : 28 - Vittima : I am not a child","28 / 04 / 18 , 14 : 28", - Vittima , I am not a child,- Vittima,I am not a child,- Vittima,I am not a child
C_1,45,"â€Ž28 / 04 / 18 , 14 : 28 - SupportoVittima1 : Ma dai che qui sei te il cesso","â€Ž28 / 04 / 18 , 14 : 28 - SupportoVittima1 : Come on, you're the shit here.","28 / 04 / 18 , 14 : 28", - SupportoVittima1 ," Come on, you're the shit here.",- SupportoVittima1,"Come on, you're the shit here.",- SupportoVittima1,"Come on, you're the shit here."
C_1,46,"â€Ž28 / 04 / 18 , 14 : 28 - Bullo2 : Appunto","â€Ž28 / 04 / 18 , 14 : 28 - Bullo2 : Exactly","28 / 04 / 18 , 14 : 28", - Bullo2 , Exactly,- Bullo2,Exactly,- Bullo2,Exactly
C_1,47,"â€Ž28 / 04 / 18 , 14 : 28 - Bullo2 : Questo Ã¨ ritardato","â€Ž28 / 04 / 18 , 14 : 28 - Bullo2 : This one is retarded","28 / 04 / 18 , 14 : 28", - Bullo2 , This one is retarded,- Bullo2,This one is retarded,- Bullo2,This one is retarded
C_1,48,"â€Ž28 / 04 / 18 , 14 : 28 - SupportoVittima1 : Ok","â€Ž28 / 04 / 18 , 14 : 28 - SupportoVittima1 : Ok","28 / 04 / 18 , 14 : 28", - SupportoVittima1 , Ok,- SupportoVittima1,Ok,- SupportoVittima1,Ok
C_1,49,"â€Ž28 / 04 / 18 , 14 : 28 - SupportoBullo3 : Si sÃ¬ tu sei un bimbo minchia come la tua ragazza SupportoVittima1","â€Ž28 / 04 / 18 , 14 : 28 - SupportoBullo3 : Yes, you are a f***ing kid like your girlfriend SupportoVittima1","28 / 04 / 18 , 14 : 28", - SupportoBullo3 ," Yes, you are a f***ing kid like your girlfriend SupportoVittima1",- SupportoBullo3,"Yes, you are a f***ing kid like your girlfriend SupportoVittima1",- SupportoBullo3,"Yes, you are a f***ing kid like your girlfriend SupportoVittima1"
C_1,50,"â€Ž28 / 04 / 18 , 14 : 28 - Bullo2 : Perfetto","â€Ž28 / 04 / 18 , 14 : 28 - Bullo2 : Perfect","28 / 04 / 18 , 14 : 28", - Bullo2 , Perfect,- Bullo2,Perfect,- Bullo2,Perfect
C_1,51,"â€Ž28 / 04 / 18 , 14 : 29 - SupportoBullo3 : Ok","â€Ž28 / 04 / 18 , 14 : 29 - SupportoBullo3 : Ok","28 / 04 / 18 , 14 : 29", - SupportoBullo3 , Ok,- SupportoBullo3,Ok,- SupportoBullo3,Ok
C_1,52,"â€Ž28 / 04 / 18 , 14 : 29 - SupportoBullo3 : Perfetto scusa SupportoVittima1","â€Ž28 / 04 / 18 , 14 : 29 - SupportoBullo3 : Perfect, sorry SupportoVittima1","28 / 04 / 18 , 14 : 29", - SupportoBullo3 ," Perfect, sorry SupportoVittima1",- SupportoBullo3,"Perfect, sorry SupportoVittima1",- SupportoBullo3,"Perfect, sorry SupportoVittima1"
C_1,53,"â€Ž28 / 04 / 18 , 14 : 29 - SupportoBullo1 : &#128514; &#128514;","â€Ž28 / 04 / 18 , 14 : 29 - SupportoBullo1 : &#128514; &#128514;","28 / 04 / 18 , 14 : 29", - SupportoBullo1 , &#128514; &#128514;,- SupportoBullo1,ðŸ˜‚ ðŸ˜‚,- SupportoBullo1, 
C_1,54,"â€Ž28 / 04 / 18 , 14 : 29 - Vittima : comunque io ho parlato con mia madre e mi ha detto che ha solo suggerito di fare un po' piÃ¹ di compiti perchÃ© effettivamente non si studia molto","â€Ž28 / 04 / 18 , 14 : 29 - Vittima : Anyway I talked to my mom and she told me that she only suggested that we should do a little more homework because we actually do not study much","28 / 04 / 18 , 14 : 29", - Vittima , Anyway I talked to my mom and she told me that she only suggested that we should do a little more homework because we actually do not study much,- Vittima,Anyway I talked to my mom and she told me that she only suggested that we should do a little more homework because we actually do not study much,- Vittima,Anyway I talked to my mom and she told me that she only suggested that we should do a little more homework because we actually do not study much
C_1,55,"â€Ž28 / 04 / 18 , 14 : 29 - SupportoVittima1 : NON SONO LA SUA RAGAZZAAAAAAAA","â€Ž28 / 04 / 18 , 14 : 29 - SupportoVittima1 : I'M NOT HIS GIRLFRIEND.","28 / 04 / 18 , 14 : 29", - SupportoVittima1 , I'M NOT HIS GIRLFRIEND.,- SupportoVittima1,I'M NOT HIS GIRLFRIEND.,- SupportoVittima1,I'M NOT HIS GIRLFRIEND.
C_1,56,"â€Ž28 / 04 / 18 , 14 : 29 - Bullo2 : Ma studi tutto il giorno mina ?","â€Ž28 / 04 / 18 , 14 : 29 - Bullo2 : Do you study all day bitch?","28 / 04 / 18 , 14 : 29", - Bullo2 , Do you study all day bitch?,- Bullo2,Do you study all day bitch?,- Bullo2,Do you study all day bitch?
C_1,57,"â€Ž28 / 04 / 18 , 14 : 29 - Vittima : e io faccio sempre roba aggiuntiva","â€Ž28 / 04 / 18 , 14 : 29 - Vittima : I'm always doing extra stuff.","28 / 04 / 18 , 14 : 29", - Vittima , I'm always doing extra stuff.,- Vittima,I'm always doing extra stuff.,- Vittima,I'm always doing extra stuff.
C_1,58,"â€Ž28 / 04 / 18 , 14 : 29 - Bullo2 : Mona*","â€Ž28 / 04 / 18 , 14 : 29 - Bullo2 : Bitch!","28 / 04 / 18 , 14 : 29", - Bullo2 , Bitch!,- Bullo2,Bitch!,- Bullo2,Bitch!
C_1,59,"â€Ž28 / 04 / 18 , 14 : 30 - SupportoBullo1 : Dato che non hai regole vai da tua madre e mandala a fanculo se Ã¨ stata lei","â€Ž28 / 04 / 18 , 14 : 30 - SupportoBullo1 : Since you don't have any rules, go to your mother and tell her to fuck off, if it was her!","28 / 04 / 18 , 14 : 30", - SupportoBullo1 ," Since you don't have any rules, go to your mother and tell her to fuck off, if it was her!",- SupportoBullo1,"Since you don't have any rules, go to your mother and tell her to fuck off, if it was her!",- SupportoBullo1,"Since you don't have any rules, go to your mother and tell her to fuck off, if it was her!"
C_1,60,"â€Ž28 / 04 / 18 , 14 : 30 - Vittima : che c'Ã¨ di male se studio ?","â€Ž28 / 04 / 18 , 14 : 30 - Vittima : What's wrong with studying?","28 / 04 / 18 , 14 : 30", - Vittima , What's wrong with studying?,- Vittima,What's wrong with studying?,- Vittima,What's wrong with studying?
C_1,61,"â€Ž28 / 04 / 18 , 14 : 30 - Bullo2 : Ma sei ritardato forte fra","â€Ž28 / 04 / 18 , 14 : 30 - Bullo2 : But you are deeply retarded, bro","28 / 04 / 18 , 14 : 30", - Bullo2 ," But you are deeply retarded, bro",- Bullo2,"But you are deeply retarded, bro",- Bullo2,"But you are deeply retarded, bro"
C_1,62,"â€Ž28 / 04 / 18 , 14 : 30 - Vittima : io a mia madre non dico proprio nulla","â€Ž28 / 04 / 18 , 14 : 30 - Vittima : I say  nothing at all to my mother","28 / 04 / 18 , 14 : 30", - Vittima , I say  nothing at all to my mother,- Vittima,I say nothing at all to my mother,- Vittima,I say nothing at all to my mother
C_1,63,"â€Ž28 / 04 / 18 , 14 : 30 - Vittima : chi sei tu per dirmi cosa devo dirle=","â€Ž28 / 04 / 18 , 14 : 30 - Vittima : who are you to tell me what to tell her=","28 / 04 / 18 , 14 : 30", - Vittima , who are you to tell me what to tell her=,- Vittima,who are you to tell me what to tell her=,- Vittima,who are you to tell me what to tell her=
C_1,64,"â€Ž28 / 04 / 18 , 14 : 30 - SupportoBullo3 : Cosa ma sei tutto fatto coglione","â€Ž28 / 04 / 18 , 14 : 30 - SupportoBullo3 : What? you're a stoned asshole","28 / 04 / 18 , 14 : 30", - SupportoBullo3 , What? you're a stoned asshole,- SupportoBullo3,What? you're a stoned asshole,- SupportoBullo3,What? you're a stoned asshole
C_1,65,"â€Ž28 / 04 / 18 , 14 : 30 - SupportoBullo3 : Hahaha proprio deficente","â€Ž28 / 04 / 18 , 14 : 30 - SupportoBullo3 : Hahaha you're such a dork","28 / 04 / 18 , 14 : 30", - SupportoBullo3 , Hahaha you're such a dork,- SupportoBullo3,Hahaha you're such a dork,- SupportoBullo3,Hahaha you're such a dork
C_1,66,"â€Ž28 / 04 / 18 , 14 : 30 - Bullo2 : Si tu studia fai quel cazzo che vuoi ma di a tua madre a quella p . . . . Di non dire piÃ¹ un cazzo ai professori che giÃ  abbiamo troppi compiti","â€Ž28 / 04 / 18 , 14 : 30 - Bullo2 : Yes, study, do what the fuck you want but tell your mother that b . . . . Not to tell the teachers anything, we already have too much homework.","28 / 04 / 18 , 14 : 30", - Bullo2 ," Yes, study, do what the fuck you want but tell your mother that b . . . . Not to tell the teachers anything, we already have too much homework.",- Bullo2,"Yes, study, do what the fuck you want but tell your mother that b . . . . Not to tell the teachers anything, we already have too much homework.",- Bullo2,"Yes, study, do what the fuck you want but tell your mother that b . . . . Not to tell the teachers anything, we already have too much homework."
C_1,67,"â€Ž28 / 04 / 18 , 14 : 31 - SupportoBullo1 : Qualcuno perchÃ© , per colpa sua ora siamo qui a fare compiti su compiti &#128545;","â€Ž28 / 04 / 18 , 14 : 31 - SupportoBullo1 : Someone because, because of him we are now here doing homework after homework &#128545;","28 / 04 / 18 , 14 : 31", - SupportoBullo1 ," Someone because, because of him we are now here doing homework after homework &#128545;",- SupportoBullo1,"Someone because, because of him we are now here doing homework after homework ðŸ˜¡",- SupportoBullo1,"Someone because, because of him we are now here doing homework after homework "
C_1,68,"â€Ž28 / 04 / 18 , 14 : 31 - Bullo2 : GiÃ ","â€Ž28 / 04 / 18 , 14 : 31 - Bullo2 : Yep","28 / 04 / 18 , 14 : 31", - Bullo2 , Yep,- Bullo2,Yep,- Bullo2,Yep
C_1,69,"â€Ž28 / 04 / 18 , 14 : 31 - SupportoVittima1 : Ma tanto non li fate lostesso i compiti quindi non vi cambia niente","â€Ž28 / 04 / 18 , 14 : 31 - SupportoVittima1 : But you don't do your homework anyway, so it doesn't change anything.","28 / 04 / 18 , 14 : 31", - SupportoVittima1 ," But you don't do your homework anyway, so it doesn't change anything.",- SupportoVittima1,"But you don't do your homework anyway, so it doesn't change anything.",- SupportoVittima1,"But you don't do your homework anyway, so it doesn't change anything."
C_1,70,"â€Ž28 / 04 / 18 , 14 : 31 - Bullo2 : Parla lei","â€Ž28 / 04 / 18 , 14 : 31 - Bullo2 : She is talking","28 / 04 / 18 , 14 : 31", - Bullo2 , She is talking,- Bullo2,She is talking,- Bullo2,She is talking
C_1,71,"â€Ž28 / 04 / 18 , 14 : 32 - SupportoBullo3 : Si Vittima di a quella tro . . . di tua mamma che non si permetta di dire ai prof di aumentare i compiti","â€Ž28 / 04 / 18 , 14 : 32 - SupportoBullo3 : Yes Vittima, tell that bâ€¦.... of your mother not to dare tell the teachers to give us more homework.","28 / 04 / 18 , 14 : 32", - SupportoBullo3 ," Yes Vittima, tell that bâ€¦.... of your mother not to dare tell the teachers to give us more homework.",- SupportoBullo3,"Yes Vittima, tell that bâ€¦.... of your mother not to dare tell the teachers to give us more homework.",- SupportoBullo3,"Yes Vittima, tell that bâ€¦.... of your mother not to dare tell the teachers to give us more homework."
C_1,72,"â€Ž28 / 04 / 18 , 14 : 32 - SupportoVittima1 : Si parlo io problemi","â€Ž28 / 04 / 18 , 14 : 32 - SupportoVittima1 : Yes I speak, problems","28 / 04 / 18 , 14 : 32", - SupportoVittima1 ," Yes I speak, problems",- SupportoVittima1,"Yes I speak, problems",- SupportoVittima1,"Yes I speak, problems"
C_1,73,"â€Ž28 / 04 / 18 , 14 : 32 - Bullo2 : Con i compiti che ci ha dato la prof mi ci pulisco il c . . O","â€Ž28 / 04 / 18 , 14 : 32 - Bullo2 : With the homework the teacher gave us I wipe my a . . O","28 / 04 / 18 , 14 : 32", - Bullo2 , With the homework the teacher gave us I wipe my a . . O,- Bullo2,With the homework the teacher gave us I wipe my a . . O,- Bullo2,With the homework the teacher gave us I wipe my a . . O
C_1,74,"â€Ž28 / 04 / 18 , 14 : 32 - SupportoBullo3 : Quella che prende sempre 5","â€Ž28 / 04 / 18 , 14 : 32 - SupportoBullo3 : The one who always takes 5","28 / 04 / 18 , 14 : 32", - SupportoBullo3 , The one who always takes 5,- SupportoBullo3,The one who always takes 5,- SupportoBullo3,The one who always takes 5
C_1,75,"â€Ž28 / 04 / 18 , 14 : 32 - SupportoBullo1 : Ma vai a fare . . . . Vittima tu e i tuoi compiti","â€Ž28 / 04 / 18 , 14 : 32 - SupportoBullo1 : Go to. . . . Vittima, you and your homework","28 / 04 / 18 , 14 : 32", - SupportoBullo1 ," Go to. . . . Vittima, you and your homework",- SupportoBullo1,"Go to. . . . Vittima, you and your homework",- SupportoBullo1,"Go to. . . . Vittima, you and your homework"
C_1,76,"â€Ž28 / 04 / 18 , 14 : 33 - SupportoBullo3 : Quindi non Ã¨ un offesa","â€Ž28 / 04 / 18 , 14 : 33 - SupportoBullo3 : So it is not an offense","28 / 04 / 18 , 14 : 33", - SupportoBullo3 , So it is not an offense,- SupportoBullo3,So it is not an offense,- SupportoBullo3,So it is not an offense
C_1,77,"â€Ž28 / 04 / 18 , 14 : 34 - Bullo2 : Si Ã¨ un offesa","â€Ž28 / 04 / 18 , 14 : 34 - Bullo2 : Yes it is an offense.","28 / 04 / 18 , 14 : 34", - Bullo2 , Yes it is an offense.,- Bullo2,Yes it is an offense.,- Bullo2,Yes it is an offense.
C_1,78,"â€Ž28 / 04 / 18 , 14 : 34 - Bullo2 : &#129315;","â€Ž28 / 04 / 18 , 14 : 34 - Bullo2 : &#129315;","28 / 04 / 18 , 14 : 34", - Bullo2 , &#129315;,- Bullo2,ðŸ¤£,- Bullo2,
C_1,79,"â€Ž28 / 04 / 18 , 14 : 35 - Bullo2 : Vittima infame per te solo le lame","â€Ž28 / 04 / 18 , 14 : 35 - Bullo2 : Vile Vittima, the knives are out for you.","28 / 04 / 18 , 14 : 35", - Bullo2 ," Vile Vittima, the knives are out for you.",- Bullo2,"Vile Vittima, the knives are out for you.",- Bullo2,"Vile Vittima, the knives are out for you."
C_1,80,"â€Ž28 / 04 / 18 , 14 : 35 - SupportoBullo3 : E patate","â€Ž28 / 04 / 18 , 14 : 35 - SupportoBullo3 : And potatoes","28 / 04 / 18 , 14 : 35", - SupportoBullo3 , And potatoes,- SupportoBullo3,And potatoes,- SupportoBullo3,And potatoes
C_1,81,"â€Ž28 / 04 / 18 , 14 : 35 - Bullo2 : Si in testa","â€Ž28 / 04 / 18 , 14 : 35 - Bullo2 : Yes in the head","28 / 04 / 18 , 14 : 35", - Bullo2 , Yes in the head,- Bullo2,Yes in the head,- Bullo2,Yes in the head
C_1,82,"â€Ž28 / 04 / 18 , 14 : 36 - Bullo2 : CosÃ¬ magari diventa scemo","â€Ž28 / 04 / 18 , 14 : 36 - Bullo2 : So maybe it becomes dumb","28 / 04 / 18 , 14 : 36", - Bullo2 , So maybe it becomes dumb,- Bullo2,So maybe it becomes dumb,- Bullo2,So maybe it becomes dumb
C_1,83,"â€Ž28 / 04 / 18 , 14 : 36 - SupportoVittima1 : Ma pk ce la avete contro di lui cosa vi ha fatto","â€Ž28 / 04 / 18 , 14 : 36 - SupportoVittima1 :  What is your problem with him what he did to you","28 / 04 / 18 , 14 : 36", - SupportoVittima1 ,  What is your problem with him what he did to you,- SupportoVittima1,What is your problem with him what he did to you,- SupportoVittima1,What is your problem with him what he did to you
C_1,84,"â€Ž28 / 04 / 18 , 14 : 36 - Bullo2 : Stai zitta","â€Ž28 / 04 / 18 , 14 : 36 - Bullo2 : Shut up!","28 / 04 / 18 , 14 : 36", - Bullo2 , Shut up!,- Bullo2,Shut up!,- Bullo2,Shut up!
C_1,85,"â€Ž28 / 04 / 18 , 14 : 36 - SupportoBullo1 : Esci di casa a prenderti un po'di aria vah . . . ma dato che non puoi secchione di merda stai lÃ¬ sui libri e studia poi vediamo quando sarai al manicomio , asociale del cazzo","â€Ž28 / 04 / 18 , 14 : 36 - SupportoBullo1 : Get out of the house and get some air... but since you can't, you f***ing nerd, stay there and study, then we'll see when you're in the nuthouse, you f***ing unsociable!","28 / 04 / 18 , 14 : 36", - SupportoBullo1 ," Get out of the house and get some air... but since you can't, you f***ing nerd, stay there and study, then we'll see when you're in the nuthouse, you f***ing unsociable!",- SupportoBullo1,"Get out of the house and get some air... but since you can't, you f***ing nerd, stay there and study, then we'll see when you're in the nuthouse, you f***ing unsociable!",- SupportoBullo1,"Get out of the house and get some air... but since you can't, you f***ing nerd, stay there and study, then we'll see when you're in the nuthouse, you f***ing unsociable!"
C_1,86,"â€Ž28 / 04 / 18 , 14 : 36 - SupportoVittima1 : Non ci penso neanche","â€Ž28 / 04 / 18 , 14 : 36 - SupportoVittima1 : I don't even think about it.","28 / 04 / 18 , 14 : 36", - SupportoVittima1 , I don't even think about it.,- SupportoVittima1,I don't even think about it.,- SupportoVittima1,I don't even think about it.
C_1,87,"â€Ž28 / 04 / 18 , 14 : 37 - Bullo2 : Secchione de mmmmmerrrrrda","â€Ž28 / 04 / 18 , 14 : 37 - Bullo2 : Shitty nerd.","28 / 04 / 18 , 14 : 37", - Bullo2 , Shitty nerd.,- Bullo2,Shitty nerd.,- Bullo2,Shitty nerd.
C_1,88,"â€Ž28 / 04 / 18 , 14 : 37 - SupportoBullo1 : E pensaci sÃ¬ signorina bella guarda che Ã¨ inutile che li stai dietro anche tu ai i compiti in piÃ¹ da fare","â€Ž28 / 04 / 18 , 14 : 37 - SupportoBullo1 : And think about it, miss beautiful, it's useless to keep up with him, you too have more homework to do","28 / 04 / 18 , 14 : 37", - SupportoBullo1 ," And think about it, miss beautiful, it's useless to keep up with him, you too have more homework to do",- SupportoBullo1,"And think about it, miss beautiful, it's useless to keep up with him, you too have more homework to do",- SupportoBullo1,"And think about it, miss beautiful, it's useless to keep up with him, you too have more homework to do"
C_1,89,"â€Ž28 / 04 / 18 , 14 : 38 - SupportoVittima1 : Ma tanto non li facci quindi non me ne freg","â€Ž28 / 04 / 18 , 14 : 38 - SupportoVittima1 : I don't do it anyway, so I don't care.","28 / 04 / 18 , 14 : 38", - SupportoVittima1 ," I don't do it anyway, so I don't care.",- SupportoVittima1,"I don't do it anyway, so I don't care.",- SupportoVittima1,"I don't do it anyway, so I don't care."
C_1,90,"â€Ž28 / 04 / 18 , 14 : 38 - SupportoVittima1 : *frega","â€Ž28 / 04 / 18 , 14 : 38 - SupportoVittima1 : *frega","28 / 04 / 18 , 14 : 38", - SupportoVittima1 , *frega,- SupportoVittima1,*frega,- SupportoVittima1,*frega
C_1,91,"â€Ž28 / 04 / 18 , 14 : 39 - Bullo2 : Tutti i secchioni del cazzo sono ritatdati","â€Ž28 / 04 / 18 , 14 : 39 - Bullo2 : All f***ing nerds are retarded","28 / 04 / 18 , 14 : 39", - Bullo2 , All f***ing nerds are retarded,- Bullo2,All f***ing nerds are retarded,- Bullo2,All f***ing nerds are retarded
C_1,92,"â€Ž28 / 04 / 18 , 14 : 40 - SupportoVittima1 : Ha ecco pk sei secchione","â€Ž28 / 04 / 18 , 14 : 40 - SupportoVittima1 : That's why you're a nerd.","28 / 04 / 18 , 14 : 40", - SupportoVittima1 , That's why you're a nerd.,- SupportoVittima1,That's why you're a nerd.,- SupportoVittima1,That's why you're a nerd.
C_1,93,"â€Ž28 / 04 / 18 , 14 : 46 - Vittima : a me piace leggere","â€Ž28 / 04 / 18 , 14 : 46 - Vittima : I like reading.","28 / 04 / 18 , 14 : 46", - Vittima , I like reading.,- Vittima,I like reading.,- Vittima,I like reading.
C_1,94,"â€Ž28 / 04 / 18 , 14 : 46 - Vittima : siete voi che non avete la giusta sensibilitÃ ","â€Ž28 / 04 / 18 , 14 : 46 - Vittima :  You who do not have the right sensitivity","28 / 04 / 18 , 14 : 46", - Vittima ,  You who do not have the right sensitivity,- Vittima,You who do not have the right sensitivity,- Vittima,You who do not have the right sensitivity
C_1,95,"â€Ž28 / 04 / 18 , 14 : 46 - Vittima : e sapete solo offendere","â€Ž28 / 04 / 18 , 14 : 46 - Vittima : and you can just offend","28 / 04 / 18 , 14 : 46", - Vittima , and you can just offend,- Vittima,and you can just offend,- Vittima,and you can just offend
C_1,96,"â€Ž28 / 04 / 18 , 14 : 49 - SupportoBullo1 : Si scusa ma dato che piace solo a te e a noi no pk tua mamma Ã¨ andata a dire di aggiungere compiti scusa ? Mica esisti solo tu","â€Ž28 / 04 / 18 , 14 : 49 - SupportoBullo1 : Yes, excuse-me but since you like it and we do not, why did your mom go and say to add some homework? You are not the only one.","28 / 04 / 18 , 14 : 49", - SupportoBullo1 ," Yes, excuse-me but since you like it and we do not, why did your mom go and say to add some homework? You are not the only one.",- SupportoBullo1,"Yes, excuse-me but since you like it and we do not, why did your mom go and say to add some homework? You are not the only one.",- SupportoBullo1,"Yes, excuse-me but since you like it and we do not, why did your mom go and say to add some homework? You are not the only one."
C_1,97,"â€Ž28 / 04 / 18 , 14 : 50 - Bullo2 : Stai zitta rincoglionita","â€Ž28 / 04 / 18 , 14 : 50 - Bullo2 : Shut up, you stupid girl!","28 / 04 / 18 , 14 : 50", - Bullo2 ," Shut up, you stupid girl!",- Bullo2,"Shut up, you stupid girl!",- Bullo2,"Shut up, you stupid girl!"
C_1,98,"â€Ž28 / 04 / 18 , 14 : 50 - SupportoVittima1 : Io sono dalla tua parte ma se scrivi ste cose non lo sono piÃ¹","â€Ž28 / 04 / 18 , 14 : 50 - SupportoVittima1 : I am on your side but if you write these things I'm not anymore","28 / 04 / 18 , 14 : 50", - SupportoVittima1 , I am on your side but if you write these things I'm not anymore,- SupportoVittima1,I am on your side but if you write these things I'm not anymore,- SupportoVittima1,I am on your side but if you write these things I'm not anymore
C_1,99,"â€Ž28 / 04 / 18 , 14 : 51 - Vittima : perchÃ© magari fa bene anche a voi fare qualche sforzo in piÃ¹","â€Ž28 / 04 / 18 , 14 : 51 - Vittima : because maybe it's good for you too to make some extra effort","28 / 04 / 18 , 14 : 51", - Vittima , because maybe it's good for you too to make some extra effort,- Vittima,because maybe it's good for you too to make some extra effort,- Vittima,because maybe it's good for you too to make some extra effort
C_1,100,"â€Ž28 / 04 / 18 , 14 : 51 - Vittima : magari scoprite che vi piace leggere e studiare","â€Ž28 / 04 / 18 , 14 : 51 - Vittima : Maybe you discover that you like reading and studying.","28 / 04 / 18 , 14 : 51", - Vittima , Maybe you discover that you like reading and studying.,- Vittima,Maybe you discover that you like reading and studying.,- Vittima,Maybe you discover that you like reading and studying.
C_1,101,"â€Ž28 / 04 / 18 , 14 : 52 - Vittima : â€ŽVID - 20180428 - WA0000 . mp4 ( file allegato )","â€Ž28 / 04 / 18 , 14 : 52 - Vittima : VID - 20180428 - WA0000 . mp4 ( file attached )","28 / 04 / 18 , 14 : 52", - Vittima , VID - 20180428 - WA0000 . mp4 ( file attached ),- Vittima,VID - 20180428 - WA0000 . mp4 ( file attached ),- Vittima,VID - 20180428 - WA0000 . mp4 ( file attached )
C_1,102,"â€Ž28 / 04 / 18 , 14 : 53 - SupportoVittima1 : Vittima io sono dalla tua parte ma se continui cosÃ­ non lo sono piÃ¹","â€Ž28 / 04 / 18 , 14 : 53 - SupportoVittima1 : Vittima, I'm on your side but if you keep this up I'm not anymore","28 / 04 / 18 , 14 : 53", - SupportoVittima1 ," Vittima, I'm on your side but if you keep this up I'm not anymore",- SupportoVittima1,"Vittima, I'm on your side but if you keep this up I'm not anymore",- SupportoVittima1,"Vittima, I'm on your side but if you keep this up I'm not anymore"
C_1,103,"â€Ž28 / 04 / 18 , 14 : 54 - Vittima : ma SupportoVittima1 , cosa devo farci","â€Ž28 / 04 / 18 , 14 : 54 - Vittima : but SupportVittima1, what should I do (with it)","28 / 04 / 18 , 14 : 54", - Vittima ," but SupportVittima1, what should I do (with it)",- Vittima,"but SupportVittima1, what should I do (with it)",- Vittima,"but SupportVittima1, what should I do (with it)"
C_1,104,"â€Ž28 / 04 / 18 , 14 : 54 - Vittima : posso non piacere , ma che male c'Ã¨ se mi piace studiare e leggere","â€Ž28 / 04 / 18 , 14 : 54 - Vittima : I may not be liked but what's wrong with studying and reading?","28 / 04 / 18 , 14 : 54", - Vittima , I may not be liked but what's wrong with studying and reading?,- Vittima,I may not be liked but what's wrong with studying and reading?,- Vittima,I may not be liked but what's wrong with studying and reading?
C_1,105,"â€Ž28 / 04 / 18 , 14 : 56 - SupportoVittima1 : be per prima cosa ( se non vuoi che tuttti ti odiano ) vai da tua madre e convincila a ritornare dalle prof ( per dirgli che cosÃ­ sono troppi i compiti","â€Ž28 / 04 / 18 , 14 : 56 - SupportoVittima1 : well first thing (if you do not want that everyone hates you) go to your mother and convince her to go back to the teachers (to tell them that we have too much homework to do )","28 / 04 / 18 , 14 : 56", - SupportoVittima1 , well first thing (if you do not want that everyone hates you) go to your mother and convince her to go back to the teachers (to tell them that we have too much homework to do ),- SupportoVittima1,well first thing (if you do not want that everyone hates you) go to your mother and convince her to go back to the teachers (to tell them that we have too much homework to do ),- SupportoVittima1,well first thing (if you do not want that everyone hates you) go to your mother and convince her to go back to the teachers (to tell them that we have too much homework to do )
C_1,106,"â€Ž28 / 04 / 18 , 14 : 57 - Vittima : ma non Ã¨ vero che sono troppi","â€Ž28 / 04 / 18 , 14 : 57 - Vittima : but it's not true that it is too much","28 / 04 / 18 , 14 : 57", - Vittima , but it's not true that it is too much,- Vittima,but it's not true that it is too much,- Vittima,but it's not true that it is too much
C_1,107,"â€Ž28 / 04 / 18 , 14 : 57 - Vittima : vi sapete solo lametnare","â€Ž28 / 04 / 18 , 14 : 57 - Vittima : you can just complain","28 / 04 / 18 , 14 : 57", - Vittima , you can just complain,- Vittima,you can just complain,- Vittima,you can just complain
C_1,108,"â€Ž28 / 04 / 18 , 14 : 57 - SupportoBullo1 : Studiavi per conto tuo non serviva che anche noi studiassimo in piÃ¹ solo per te coglione","â€Ž28 / 04 / 18 , 14 : 57 - SupportoBullo1 : You were studying on your own. You didn't need us to study extra just for you, asshole.","28 / 04 / 18 , 14 : 57", - SupportoBullo1 ," You were studying on your own. You didn't need us to study extra just for you, asshole.",- SupportoBullo1,"You were studying on your own. You didn't need us to study extra just for you, asshole.",- SupportoBullo1,"You were studying on your own. You didn't need us to study extra just for you, asshole."
C_1,109,"â€Ž28 / 04 / 18 , 14 : 58 - Vittima : invece a me sembra che ne abbiate proprio bisogno","â€Ž28 / 04 / 18 , 14 : 58 - Vittima : It seems to me that you really need it instead","28 / 04 / 18 , 14 : 58", - Vittima , It seems to me that you really need it instead,- Vittima,It seems to me that you really need it instead,- Vittima,It seems to me that you really need it instead
C_1,110,"â€Ž28 / 04 / 18 , 14 : 59 - Vittima : con tutte le parolacce e le offese che mi state rivolgendo","â€Ž28 / 04 / 18 , 14 : 59 - Vittima : with all the swear words and insults you're addressing to me.","28 / 04 / 18 , 14 : 59", - Vittima , with all the swear words and insults you're addressing to me.,- Vittima,with all the swear words and insults you're addressing to me.,- Vittima,with all the swear words and insults you're addressing to me.
C_1,111,"â€Ž28 / 04 / 18 , 14 : 59 - SupportoBullo1 : Se volevamo studiare in piÃ¹ lo avremmo fatto in autonomia senza che tu andavi da tua madre","â€Ž28 / 04 / 18 , 14 : 59 - SupportoBullo1 : If we wanted to study more, we would have done it autonomously without you going to your mother","28 / 04 / 18 , 14 : 59", - SupportoBullo1 ," If we wanted to study more, we would have done it autonomously without you going to your mother",- SupportoBullo1,"If we wanted to study more, we would have done it autonomously without you going to your mother",- SupportoBullo1,"If we wanted to study more, we would have done it autonomously without you going to your mother"
C_1,112,"â€Ž28 / 04 / 18 , 15 : 00 - SupportoVittima1 : Parla pre te","â€Ž28 / 04 / 18 , 15 : 00 - SupportoVittima1 : Speak for yourself.","28 / 04 / 18 , 15 : 00", - SupportoVittima1 , Speak for yourself.,- SupportoVittima1,Speak for yourself.,- SupportoVittima1,Speak for yourself.
C_1,113,"â€Ž28 / 04 / 18 , 15 : 00 - Vittima : mia madre ci tiene che noi ragazzi cresciamo con cultura e conoscenza . . . non con le offese","â€Ž28 / 04 / 18 , 15 : 00 - Vittima : My mother wants us kids to grow up with culture and knowledge . . . not with insults.","28 / 04 / 18 , 15 : 00", - Vittima , My mother wants us kids to grow up with culture and knowledge . . . not with insults.,- Vittima,My mother wants us kids to grow up with culture and knowledge . . . not with insults.,- Vittima,My mother wants us kids to grow up with culture and knowledge . . . not with insults.
C_1,114,"â€Ž28 / 04 / 18 , 15 : 00 - Vittima : magari un giorno la ringrazierete . . . io lo faccio giÃ  adesso","â€Ž28 / 04 / 18 , 15 : 00 - Vittima : Maybe one day you'll thank her . . I'm doing it right now.","28 / 04 / 18 , 15 : 00", - Vittima , Maybe one day you'll thank her . . I'm doing it right now.,- Vittima,Maybe one day you'll thank her . . I'm doing it right now.,- Vittima,Maybe one day you'll thank her . . I'm doing it right now.
C_1,115,"â€Ž28 / 04 / 18 , 15 : 03 - SupportoVittima2 : Ottima riflessione non asciltarlu","â€Ž28 / 04 / 18 , 15 : 03 - SupportoVittima2 : Good thinking, don't listen to him.","28 / 04 / 18 , 15 : 03", - SupportoVittima2 ," Good thinking, don't listen to him.",- SupportoVittima2,"Good thinking, don't listen to him.",- SupportoVittima2,"Good thinking, don't listen to him."
C_1,116,"â€Ž28 / 04 / 18 , 15 : 03 - SupportoVittima2 : Ascoltarli","â€Ž28 / 04 / 18 , 15 : 03 - SupportoVittima2 : Listen to them","28 / 04 / 18 , 15 : 03", - SupportoVittima2 , Listen to them,- SupportoVittima2,Listen to them,- SupportoVittima2,Listen to them
C_1,117,"â€Ž28 / 04 / 18 , 18 : 55 - SupportoBullo3 : Hahah fai schifo secchione","â€Ž28 / 04 / 18 , 18 : 55 - SupportoBullo3 : Hahahah you suck, nerd","28 / 04 / 18 , 18 : 55", - SupportoBullo3 ," Hahahah you suck, nerd",- SupportoBullo3,"Hahahah you suck, nerd",- SupportoBullo3,"Hahahah you suck, nerd"
C_1,118,"â€Ž28 / 04 / 18 , 18 : 58 - Bullo1 : Esatto fai cagare &#128169;","â€Ž28 / 04 / 18 , 18 : 58 - Bullo1 : That's right you suck &#128169;","28 / 04 / 18 , 18 : 58", - Bullo1 , That's right you suck &#128169;,- Bullo1,That's right you suck ðŸ’©,- Bullo1,That's right you suck 
C_1,119,"â€Ž28 / 04 / 18 , 18 : 59 - SupportoVittima1 : Almeno non viene bocciato come voi pk lui studia","â€Ž28 / 04 / 18 , 18 : 59 - SupportoVittima1 : At least he's not flunking out like you because he studies.","28 / 04 / 18 , 18 : 59", - SupportoVittima1 , At least he's not flunking out like you because he studies.,- SupportoVittima1,At least he's not flunking out like you because he studies.,- SupportoVittima1,At least he's not flunking out like you because he studies.
C_1,120,"â€Ž28 / 04 / 18 , 19 : 00 - Vittima : infatti","â€Ž28 / 04 / 18 , 19 : 00 - Vittima : in fact","28 / 04 / 18 , 19 : 00", - Vittima , in fact,- Vittima,in fact,- Vittima,in fact
C_2,0,"29 / 04 / 18 , 14 : 51 - SupportoBullo1 : Sei una merda percheeee i compiti me li fai tu !","29 / 04 / 18 , 14 : 51 - SupportoBullo1 : You're a shit because now you do my homework!","29 / 04 / 18 , 14 : 51", - SupportoBullo1 , You're a shit because now you do my homework!,- SupportoBullo1,You're a shit because now you do my homework!,- SupportoBullo1,You're a shit because now you do my homework!
C_2,1,"â€Ž29 / 04 / 18 , 14 : 51 - Okay ?","â€Ž29 / 04 / 18 , 14 : 51 - Okay ?:","29 / 04 / 18 , 14 : 51", - Okay ?,,- Okay ?,,- Okay ?,
C_2,2,"â€Ž29 / 04 / 18 , 14 : 53 - Bullo2 : Infatti per colpa tua adesso ci tocca stare a casa a fare compiti","â€Ž29 / 04 / 18 , 14 : 53 - Bullo2 : In fact, because of you, now we have to stay home and do homework.","29 / 04 / 18 , 14 : 53", - Bullo2 ," In fact, because of you, now we have to stay home and do homework.",- Bullo2,"In fact, because of you, now we have to stay home and do homework.",- Bullo2,"In fact, because of you, now we have to stay home and do homework."
C_2,3,"â€Ž29 / 04 / 18 , 15 : 01 - Vittima : Non Ã¨ colpa mia .","â€Ž29 / 04 / 18 , 15 : 01 - Vittima : It's not my fault.","29 / 04 / 18 , 15 : 01", - Vittima , It's not my fault.,- Vittima,It's not my fault.,- Vittima,It's not my fault.
C_2,4,"â€Ž29 / 04 / 18 , 15 : 01 - Vittima : E poi un po' di compiti non sono la fine del mondo . Io li ho fatti in mezz'ora . . .","â€Ž29 / 04 / 18 , 15 : 01 - Vittima : Then a little homework is not the end of the world. I did it in half an hour...","29 / 04 / 18 , 15 : 01", - Vittima , Then a little homework is not the end of the world. I did it in half an hour...,- Vittima,Then a little homework is not the end of the world. I did it in half an hour...,- Vittima,Then a little homework is not the end of the world. I did it in half an hour...
C_2,5,"â€Ž29 / 04 / 18 , 15 : 02 - Bullo2 : Secchione di merda","â€Ž29 / 04 / 18 , 15 : 02 - Bullo2 : F***ing nerd.","29 / 04 / 18 , 15 : 02", - Bullo2 , F***ing nerd.,- Bullo2,F***ing nerd.,- Bullo2,F***ing nerd.
C_2,6,"â€Ž29 / 04 / 18 , 15 : 04 - Bullo1 : Devi andare da tua madre che lei si fa tutti sti compiti del cazzo","â€Ž29 / 04 / 18 , 15 : 04 - Bullo1 : You have to go to your mother so she will do all this f***ing  homework.","29 / 04 / 18 , 15 : 04", - Bullo1 , You have to go to your mother so she will do all this f***ing  homework.,- Bullo1,You have to go to your mother so she will do all this f***ing homework.,- Bullo1,You have to go to your mother so she will do all this f***ing homework.
C_2,7,"â€Ž29 / 04 / 18 , 15 : 52 - SupportoBullo2 : Con questo bel tempo potremo essere in giro e invece siamo chiusi in casa a fare compiti","â€Ž29 / 04 / 18 , 15 : 52 - SupportoBullo2 : With this nice weather we could be out and about and we're stuck at home doing homework.","29 / 04 / 18 , 15 : 52", - SupportoBullo2 , With this nice weather we could be out and about and we're stuck at home doing homework.,- SupportoBullo2,With this nice weather we could be out and about and we're stuck at home doing homework.,- SupportoBullo2,With this nice weather we could be out and about and we're stuck at home doing homework.
C_2,8,"â€Ž29 / 04 / 18 , 20 : 24 - SupportoBullo1 : GiÃ ","â€Ž29 / 04 / 18 , 20 : 24 - SupportoBullo1 : Yep","29 / 04 / 18 , 20 : 24", - SupportoBullo1 , Yep,- SupportoBullo1,Yep,- SupportoBullo1,Yep
